gene_name,significant_in_sepsis,overlap_with_icucontrols,significant_in_icucontrols
A2M,TRUE,FALSE,FALSE
AAR2,TRUE,FALSE,FALSE
AARS2,TRUE,FALSE,FALSE
AARSD1,TRUE,FALSE,FALSE
ABCA13,TRUE,FALSE,FALSE
ABCB4,TRUE,FALSE,FALSE
ABCD3,TRUE,FALSE,FALSE
ABHD13,TRUE,FALSE,FALSE
ABHD14A,TRUE,FALSE,FALSE
ABHD17A,TRUE,FALSE,FALSE
ABHD5,TRUE,FALSE,FALSE
ABI1,TRUE,FALSE,FALSE
ABI3,TRUE,FALSE,FALSE
ABR,TRUE,FALSE,FALSE
ABRACL,TRUE,FALSE,FALSE
ABRAXAS2,TRUE,FALSE,FALSE
AC004687.2,TRUE,FALSE,FALSE
AC005324.3,TRUE,FALSE,FALSE
AC005697.1,TRUE,FALSE,FALSE
AC005702.1,TRUE,FALSE,FALSE
AC005837.2,FALSE,FALSE,TRUE
AC006030.1,TRUE,FALSE,FALSE
AC006978.2,TRUE,FALSE,FALSE
AC007326.4,TRUE,FALSE,FALSE
AC008537.1,TRUE,FALSE,FALSE
AC008581.2,TRUE,FALSE,FALSE
AC009879.3,TRUE,FALSE,FALSE
AC011511.1,TRUE,FALSE,FALSE
AC013470.2,TRUE,FALSE,FALSE
AC021087.5,TRUE,FALSE,FALSE
AC022415.3,TRUE,FALSE,FALSE
AC022966.1,TRUE,FALSE,FALSE
AC027644.4,TRUE,FALSE,FALSE
AC034102.2,TRUE,FALSE,FALSE
AC040160.1,TRUE,FALSE,FALSE
AC040162.1,TRUE,FALSE,FALSE
AC068831.8,TRUE,FALSE,FALSE
AC068896.3,TRUE,FALSE,FALSE
AC073111.4,TRUE,FALSE,FALSE
AC084121.13,TRUE,FALSE,FALSE
AC087721.2,TRUE,FALSE,FALSE
AC090004.1,TRUE,FALSE,FALSE
AC091167.6,TRUE,FALSE,FALSE
AC092835.1,TRUE,FALSE,FALSE
AC093323.1,TRUE,FALSE,FALSE
AC096887.1,TRUE,FALSE,FALSE
AC098850.3,TRUE,FALSE,FALSE
AC099489.1,TRUE,FALSE,FALSE
AC104532.1,TRUE,FALSE,FALSE
AC114490.3,TRUE,FALSE,FALSE
AC119396.1,TRUE,FALSE,FALSE
AC124312.1,TRUE,FALSE,FALSE
ACAD8,TRUE,FALSE,FALSE
ACER1,TRUE,FALSE,FALSE
ACER3,TRUE,FALSE,FALSE
ACO1,TRUE,FALSE,FALSE
ACSL3,TRUE,FALSE,FALSE
ACTB,TRUE,FALSE,FALSE
ACTL10,TRUE,FALSE,FALSE
ACTL7A,TRUE,FALSE,FALSE
ACTR10,TRUE,FALSE,FALSE
ACTR2,TRUE,FALSE,FALSE
ACTR3,TRUE,FALSE,FALSE
ACTR5,TRUE,FALSE,FALSE
ACVR1,TRUE,FALSE,FALSE
ACVR1B,TRUE,FALSE,FALSE
ACVR1C,TRUE,FALSE,FALSE
ACVR2B,TRUE,FALSE,FALSE
ADA,TRUE,FALSE,FALSE
ADA2,TRUE,FALSE,FALSE
ADAM15,TRUE,FALSE,FALSE
ADAM9,TRUE,FALSE,FALSE
ADAMDEC1,TRUE,FALSE,FALSE
ADAMTS10,TRUE,FALSE,FALSE
ADAMTS3,TRUE,FALSE,FALSE
ADCK2,FALSE,FALSE,TRUE
ADCY1,TRUE,FALSE,FALSE
ADD3,TRUE,FALSE,FALSE
ADGRD1,TRUE,FALSE,FALSE
ADGRE1,TRUE,FALSE,FALSE
ADGRG3,TRUE,FALSE,FALSE
ADGRG5,TRUE,FALSE,FALSE
ADGRL1,TRUE,FALSE,FALSE
ADSS2,TRUE,FALSE,FALSE
AFAP1,TRUE,FALSE,FALSE
AFDN,TRUE,FALSE,FALSE
AFF2,TRUE,FALSE,FALSE
AFTPH,TRUE,FALSE,FALSE
AGAP3,TRUE,FALSE,FALSE
AGFG1,TRUE,FALSE,FALSE
AGFG2,TRUE,FALSE,FALSE
AGGF1,TRUE,FALSE,FALSE
AGL,TRUE,FALSE,FALSE
AGMO,TRUE,FALSE,FALSE
AGTPBP1,TRUE,FALSE,FALSE
AGXT,TRUE,FALSE,FALSE
AHDC1,TRUE,FALSE,FALSE
AHNAK,TRUE,FALSE,FALSE
AHRR,TRUE,FALSE,FALSE
AIG1,TRUE,FALSE,FALSE
AIPL1,TRUE,FALSE,FALSE
AJAP1,TRUE,FALSE,FALSE
AJM1,TRUE,FALSE,FALSE
AK9,TRUE,FALSE,FALSE
AKAP1,TRUE,FALSE,FALSE
AKAP5,TRUE,FALSE,FALSE
AKAP6,TRUE,FALSE,FALSE
AKIRIN1,TRUE,FALSE,FALSE
AKIRIN2,TRUE,FALSE,FALSE
AKR1B1,TRUE,FALSE,FALSE
AKR1C8P,TRUE,FALSE,FALSE
AKT1S1,TRUE,FALSE,FALSE
AL135905.2,TRUE,FALSE,FALSE
AL159141.1,TRUE,FALSE,FALSE
AL159163.1,TRUE,FALSE,FALSE
AL354761.1,TRUE,FALSE,FALSE
AL357673.1,TRUE,FALSE,FALSE
AL360181.3,TRUE,FALSE,FALSE
AL365273.2,TRUE,FALSE,FALSE
AL445524.2,TRUE,FALSE,FALSE
AL590560.2,TRUE,FALSE,FALSE
AL669918.1,TRUE,FALSE,FALSE
ALCAM,TRUE,FALSE,FALSE
ALDH18A1,TRUE,FALSE,FALSE
ALDH1B1,TRUE,FALSE,FALSE
ALDH3B1,TRUE,FALSE,FALSE
ALDOA,TRUE,FALSE,FALSE
ALG1,TRUE,FALSE,FALSE
ALG12,TRUE,FALSE,FALSE
ALG1L,TRUE,FALSE,FALSE
ALG3,TRUE,FALSE,FALSE
ALK,TRUE,FALSE,FALSE
ALKAL2,TRUE,FALSE,FALSE
ALKBH2,TRUE,FALSE,FALSE
ALKBH3,TRUE,FALSE,FALSE
ALMS1,TRUE,FALSE,FALSE
ALOX15,TRUE,FALSE,FALSE
ALOX5,TRUE,FALSE,FALSE
ALOX5AP,TRUE,FALSE,FALSE
ALPK3,TRUE,FALSE,FALSE
ALS2CL,TRUE,FALSE,FALSE
AMER1,TRUE,FALSE,FALSE
AMFR,TRUE,FALSE,FALSE
AMIGO1,TRUE,FALSE,FALSE
AMN,TRUE,FALSE,FALSE
AMZ1,TRUE,FALSE,FALSE
AMZ2,TRUE,FALSE,FALSE
ANAPC15,TRUE,FALSE,FALSE
ANG,TRUE,FALSE,FALSE
ANGEL1,TRUE,FALSE,FALSE
ANGPT2,TRUE,FALSE,FALSE
ANGPTL2,TRUE,FALSE,FALSE
ANK3,TRUE,FALSE,FALSE
ANKIB1,TRUE,FALSE,FALSE
ANKRD1,TRUE,FALSE,FALSE
ANKRD13C,TRUE,FALSE,FALSE
ANKRD16,TRUE,FALSE,FALSE
ANKRD22,TRUE,FALSE,FALSE
ANKRD23,TRUE,FALSE,FALSE
ANKRD33B,TRUE,FALSE,FALSE
ANKRD52,TRUE,FALSE,FALSE
ANKRD55,TRUE,FALSE,FALSE
ANKRD63,TRUE,FALSE,FALSE
ANKRD9,TRUE,FALSE,FALSE
ANKS1A,TRUE,FALSE,FALSE
ANKS3,TRUE,FALSE,FALSE
ANKS6,TRUE,FALSE,FALSE
ANKUB1,TRUE,FALSE,FALSE
ANLN,TRUE,FALSE,FALSE
ANO10,TRUE,FALSE,FALSE
ANO5,TRUE,FALSE,FALSE
ANP32E,TRUE,FALSE,FALSE
ANTXR2,TRUE,FALSE,FALSE
ANTXRL,TRUE,FALSE,FALSE
ANXA1,TRUE,FALSE,FALSE
ANXA3,TRUE,FALSE,FALSE
AOC3,TRUE,FALSE,FALSE
AP000295.1,TRUE,FALSE,FALSE
AP000552.6,TRUE,FALSE,FALSE
AP001453.5,TRUE,FALSE,FALSE
AP002495.1,TRUE,FALSE,FALSE
AP006333.1,TRUE,FALSE,FALSE
AP1S2,TRUE,FALSE,FALSE
AP1S3,TRUE,FALSE,FALSE
AP2B1,TRUE,FALSE,FALSE
AP2M1,TRUE,FALSE,FALSE
AP5S1,TRUE,FALSE,FALSE
APAF1,TRUE,FALSE,FALSE
APBA1,TRUE,FALSE,FALSE
APBB1,TRUE,FALSE,FALSE
APC2,TRUE,FALSE,FALSE
APCDD1L,TRUE,FALSE,FALSE
APH1B,TRUE,FALSE,FALSE
APLP2,TRUE,FALSE,FALSE
APMAP,TRUE,FALSE,FALSE
APOBEC3F,TRUE,FALSE,FALSE
APOL1,TRUE,FALSE,FALSE
APOL3,TRUE,FALSE,FALSE
APOOL,TRUE,FALSE,FALSE
APP,TRUE,FALSE,FALSE
APRT,TRUE,FALSE,FALSE
AQP11,TRUE,FALSE,FALSE
AQP12B,TRUE,FALSE,FALSE
AQP6,TRUE,FALSE,FALSE
ARAP3,TRUE,FALSE,FALSE
AREG,FALSE,FALSE,TRUE
ARF1,TRUE,FALSE,FALSE
ARF4,TRUE,FALSE,FALSE
ARF5,TRUE,FALSE,FALSE
ARFGEF1,TRUE,FALSE,FALSE
ARG1,TRUE,FALSE,FALSE
ARHGAP10,TRUE,FALSE,FALSE
ARHGAP11A,TRUE,FALSE,FALSE
ARHGAP11B,TRUE,FALSE,FALSE
ARHGAP17,TRUE,FALSE,FALSE
ARHGAP18,TRUE,FALSE,FALSE
ARHGAP44,TRUE,FALSE,FALSE
ARHGDIA,TRUE,FALSE,FALSE
ARHGDIB,TRUE,FALSE,FALSE
ARHGEF10L,TRUE,FALSE,FALSE
ARHGEF12,TRUE,FALSE,FALSE
ARHGEF18,TRUE,FALSE,FALSE
ARHGEF4,TRUE,FALSE,FALSE
ARHGEF6,TRUE,FALSE,FALSE
ARHGEF9,TRUE,FALSE,FALSE
ARID5A,FALSE,FALSE,TRUE
ARL13A,TRUE,FALSE,FALSE
ARL4A,TRUE,FALSE,FALSE
ARL4C,TRUE,FALSE,FALSE
ARL5B,TRUE,FALSE,FALSE
ARL6IP1,TRUE,FALSE,FALSE
ARL8A,TRUE,FALSE,FALSE
ARMC8,TRUE,FALSE,FALSE
ARMH1,TRUE,FALSE,FALSE
ARMT1,TRUE,FALSE,FALSE
ARNT,TRUE,FALSE,FALSE
ARPC1A,TRUE,FALSE,FALSE
ARPC1B,TRUE,FALSE,FALSE
ARPC2,TRUE,FALSE,FALSE
ARPC3,TRUE,FALSE,FALSE
ARPC4,TRUE,FALSE,FALSE
ARPC5,TRUE,FALSE,FALSE
ARPC5L,TRUE,FALSE,FALSE
ARPIN,TRUE,FALSE,FALSE
ARPP19,TRUE,FALSE,FALSE
ARRB1,TRUE,FALSE,FALSE
ARVCF,TRUE,FALSE,FALSE
ASAH1,TRUE,FALSE,FALSE
ASB1,TRUE,FALSE,FALSE
ASB13,TRUE,FALSE,FALSE
ASB16,TRUE,FALSE,FALSE
ASB7,TRUE,FALSE,FALSE
ASB9,TRUE,FALSE,FALSE
ASCL2,TRUE,FALSE,FALSE
ASGR1,TRUE,FALSE,FALSE
ASIC1,TRUE,FALSE,FALSE
ASL,TRUE,FALSE,FALSE
ASPDH,TRUE,FALSE,FALSE
ASPH,TRUE,FALSE,FALSE
ASPM,TRUE,FALSE,FALSE
ASPN,TRUE,FALSE,FALSE
ASPRV1,TRUE,FALSE,FALSE
ATAD2,TRUE,FALSE,FALSE
ATAD5,TRUE,FALSE,FALSE
ATF4,TRUE,FALSE,FALSE
ATG14,TRUE,FALSE,FALSE
ATL3,TRUE,FALSE,FALSE
ATP10A,TRUE,FALSE,FALSE
ATP11A,TRUE,FALSE,FALSE
ATP11B,TRUE,FALSE,FALSE
ATP13A3,TRUE,FALSE,FALSE
ATP13A4,TRUE,FALSE,FALSE
ATP2C1,TRUE,FALSE,FALSE
ATP5F1B,TRUE,FALSE,FALSE
ATP5F1C,TRUE,FALSE,FALSE
ATP5F1E,TRUE,FALSE,FALSE
ATP5IF1,TRUE,FALSE,FALSE
ATP5MD,TRUE,FALSE,FALSE
ATP5MF,TRUE,FALSE,FALSE
ATP5MG,TRUE,FALSE,FALSE
ATP5PB,TRUE,FALSE,FALSE
ATP5PD,TRUE,FALSE,FALSE
ATP5PO,TRUE,FALSE,FALSE
ATP6AP2,TRUE,FALSE,FALSE
ATP6V0A1,TRUE,FALSE,FALSE
ATP6V0A2,TRUE,FALSE,FALSE
ATP6V0B,TRUE,FALSE,FALSE
ATP6V0D2,TRUE,FALSE,FALSE
ATP6V0E2,TRUE,FALSE,FALSE
ATP6V1C1,TRUE,FALSE,FALSE
ATP6V1D,TRUE,FALSE,FALSE
ATP6V1E1,TRUE,FALSE,FALSE
ATP6V1F,TRUE,FALSE,FALSE
ATP8B2,TRUE,FALSE,FALSE
ATP8B4,TRUE,FALSE,FALSE
ATP9A,TRUE,FALSE,FALSE
ATXN2,TRUE,FALSE,FALSE
ATXN7L2,TRUE,FALSE,FALSE
ATXN7L3,TRUE,FALSE,FALSE
AURKA,TRUE,FALSE,FALSE
AVIL,TRUE,FALSE,FALSE
AZI2,TRUE,FALSE,FALSE
AZIN1,TRUE,FALSE,FALSE
AZIN2,TRUE,FALSE,FALSE
AZU1,TRUE,FALSE,FALSE
B3GALT6,TRUE,FALSE,FALSE
B3GNT10,TRUE,FALSE,FALSE
B3GNT2,TRUE,FALSE,FALSE
B3GNT5,TRUE,TRUE,TRUE
B3GNT9,TRUE,FALSE,FALSE
B4GALNT4,TRUE,FALSE,FALSE
B4GALT4,TRUE,FALSE,FALSE
B4GALT5,TRUE,FALSE,FALSE
B4GAT1,TRUE,FALSE,FALSE
BABAM1,TRUE,FALSE,FALSE
BABAM2,TRUE,FALSE,FALSE
BAG4,TRUE,FALSE,FALSE
BARHL1,TRUE,FALSE,FALSE
BASP1,TRUE,FALSE,FALSE
BATF,TRUE,FALSE,FALSE
BAZ1A,TRUE,FALSE,FALSE
BBS2,TRUE,FALSE,FALSE
BCAP29,TRUE,FALSE,FALSE
BCAP31,TRUE,FALSE,FALSE
BCKDK,TRUE,FALSE,FALSE
BCL10,TRUE,FALSE,FALSE
BCL11B,TRUE,FALSE,FALSE
BCL2A1,TRUE,FALSE,FALSE
BCL2L11,TRUE,FALSE,FALSE
BCL2L15,TRUE,FALSE,FALSE
BCL7C,TRUE,FALSE,FALSE
BCL9L,TRUE,FALSE,FALSE
BDP1,TRUE,FALSE,FALSE
BECN1,TRUE,FALSE,FALSE
BHLHE41,TRUE,FALSE,FALSE
BICDL2,TRUE,FALSE,FALSE
BIN1,TRUE,FALSE,FALSE
BIRC2,TRUE,FALSE,FALSE
BLM,TRUE,FALSE,FALSE
BLOC1S1,TRUE,FALSE,FALSE
BLOC1S2,TRUE,FALSE,FALSE
BLZF1,TRUE,FALSE,FALSE
BMF,TRUE,FALSE,FALSE
BMP8A,TRUE,FALSE,FALSE
BMPR2,TRUE,FALSE,FALSE
BMX,TRUE,TRUE,TRUE
BNIP1,TRUE,FALSE,FALSE
BNIP2,TRUE,FALSE,FALSE
BOLL,TRUE,FALSE,FALSE
BORCS5,TRUE,FALSE,FALSE
BPI,TRUE,FALSE,FALSE
BPIFA2,TRUE,FALSE,FALSE
BRAF,TRUE,FALSE,FALSE
BRF1,TRUE,FALSE,FALSE
BRI3,TRUE,FALSE,FALSE
BRK1,TRUE,FALSE,FALSE
BRMS1L,TRUE,FALSE,FALSE
BROX,TRUE,FALSE,FALSE
BRPF1,TRUE,FALSE,FALSE
BSND,TRUE,FALSE,FALSE
BST1,TRUE,FALSE,FALSE
BTF3,TRUE,FALSE,FALSE
BTN1A1,TRUE,FALSE,FALSE
BTN2A2,TRUE,FALSE,FALSE
BTN3A1,TRUE,FALSE,FALSE
BTN3A2,TRUE,FALSE,FALSE
BTN3A3,TRUE,FALSE,FALSE
BTRC,TRUE,FALSE,FALSE
BUB1,TRUE,FALSE,FALSE
BX664615.2,TRUE,FALSE,FALSE
BZW1,TRUE,FALSE,FALSE
C10orf105,TRUE,FALSE,FALSE
C10orf143,TRUE,FALSE,FALSE
C10orf67,TRUE,FALSE,FALSE
C10orf95,TRUE,FALSE,FALSE
C11orf71,TRUE,FALSE,FALSE
C11orf98,TRUE,FALSE,FALSE
C12orf40,TRUE,FALSE,FALSE
C12orf60,TRUE,FALSE,FALSE
C12orf71,TRUE,FALSE,FALSE
C13orf46,TRUE,FALSE,FALSE
C14orf119,TRUE,FALSE,FALSE
C14orf132,TRUE,FALSE,FALSE
C15orf39,TRUE,FALSE,FALSE
C16orf58,TRUE,FALSE,FALSE
C16orf90,TRUE,FALSE,FALSE
C17orf49,TRUE,FALSE,FALSE
C18orf32,TRUE,FALSE,FALSE
C18orf54,TRUE,FALSE,FALSE
C19orf18,TRUE,FALSE,FALSE
C19orf38,TRUE,FALSE,FALSE
C1D,TRUE,FALSE,FALSE
C1GALT1C1,TRUE,FALSE,FALSE
C1orf122,TRUE,FALSE,FALSE
C1orf146,TRUE,FALSE,FALSE
C1orf162,TRUE,FALSE,FALSE
C1orf216,TRUE,FALSE,FALSE
C1orf226,TRUE,FALSE,FALSE
C1orf68,TRUE,FALSE,FALSE
C1QL3,TRUE,FALSE,FALSE
C1QTNF2,TRUE,FALSE,FALSE
C2,TRUE,FALSE,FALSE
C20orf173,TRUE,FALSE,FALSE
C20orf204,TRUE,FALSE,FALSE
C21orf62,TRUE,FALSE,FALSE
C2CD4D,TRUE,FALSE,FALSE
C2CD5,TRUE,FALSE,FALSE
C2orf69,TRUE,FALSE,FALSE
C3orf18,TRUE,FALSE,FALSE
C3orf20,TRUE,FALSE,FALSE
C3orf22,TRUE,FALSE,FALSE
C4orf3,TRUE,FALSE,FALSE
C4orf46,TRUE,FALSE,FALSE
C5orf30,TRUE,FALSE,FALSE
C6orf120,TRUE,FALSE,FALSE
C6orf62,TRUE,FALSE,FALSE
C6orf89,TRUE,FALSE,FALSE
C8orf86,TRUE,FALSE,FALSE
C9orf131,TRUE,FALSE,FALSE
C9orf152,TRUE,FALSE,FALSE
C9orf64,TRUE,FALSE,FALSE
CA1,TRUE,FALSE,FALSE
CA2,TRUE,FALSE,FALSE
CA4,TRUE,FALSE,FALSE
CA6,TRUE,FALSE,FALSE
CAB39,TRUE,FALSE,FALSE
CABIN1,TRUE,FALSE,FALSE
CACHD1,TRUE,FALSE,FALSE
CACNA1F,TRUE,FALSE,FALSE
CACNA1I,TRUE,FALSE,FALSE
CACNA2D1,TRUE,FALSE,FALSE
CACNA2D2,TRUE,FALSE,FALSE
CACNA2D3,TRUE,FALSE,FALSE
CACNB1,TRUE,FALSE,FALSE
CACNB3,TRUE,FALSE,FALSE
CACNB4,TRUE,FALSE,FALSE
CACNG8,TRUE,FALSE,FALSE
CALHM2,TRUE,FALSE,FALSE
CALM1,TRUE,FALSE,FALSE
CALM2,TRUE,FALSE,FALSE
CALM3,TRUE,FALSE,FALSE
CAMK1,TRUE,FALSE,FALSE
CAMK1D,TRUE,FALSE,FALSE
CAMK2D,TRUE,FALSE,FALSE
CAMK2N1,TRUE,FALSE,FALSE
CAP1,TRUE,FALSE,FALSE
CAPG,TRUE,FALSE,FALSE
CAPN7,TRUE,FALSE,FALSE
CAPNS1,TRUE,FALSE,FALSE
CAPS,TRUE,FALSE,FALSE
CAPS2,TRUE,FALSE,FALSE
CAPZA1,TRUE,FALSE,FALSE
CAPZA2,TRUE,FALSE,FALSE
CARD10,TRUE,FALSE,FALSE
CARD11,TRUE,FALSE,FALSE
CARD19,TRUE,FALSE,FALSE
CARD6,TRUE,FALSE,FALSE
CARD9,TRUE,FALSE,FALSE
CARMIL2,TRUE,FALSE,FALSE
CARTPT,TRUE,FALSE,FALSE
CASP3,TRUE,FALSE,FALSE
CASP5,TRUE,FALSE,FALSE
CASP6,TRUE,FALSE,FALSE
CASQ1,TRUE,FALSE,FALSE
CASS4,TRUE,FALSE,FALSE
CAST,TRUE,FALSE,FALSE
CATSPERD,TRUE,FALSE,FALSE
CBFA2T3,TRUE,FALSE,FALSE
CBLIF,TRUE,FALSE,FALSE
CBR3,TRUE,FALSE,FALSE
CBSL,TRUE,FALSE,FALSE
CBX3,TRUE,FALSE,FALSE
CBX7,TRUE,FALSE,FALSE
CBY3,TRUE,FALSE,FALSE
CCDC117,TRUE,FALSE,FALSE
CCDC126,TRUE,FALSE,FALSE
CCDC141,TRUE,FALSE,FALSE
CCDC149,TRUE,FALSE,FALSE
CCDC152,TRUE,FALSE,FALSE
CCDC153,TRUE,FALSE,FALSE
CCDC154,TRUE,FALSE,FALSE
CCDC157,TRUE,FALSE,FALSE
CCDC186,TRUE,FALSE,FALSE
CCDC188,TRUE,FALSE,FALSE
CCDC196,TRUE,FALSE,FALSE
CCDC200,TRUE,FALSE,FALSE
CCDC28A,TRUE,FALSE,FALSE
CCDC34,TRUE,FALSE,FALSE
CCDC36,TRUE,FALSE,FALSE
CCDC47,TRUE,FALSE,FALSE
CCDC57,TRUE,FALSE,FALSE
CCDC78,TRUE,FALSE,FALSE
CCDC84,TRUE,FALSE,FALSE
CCDC85B,TRUE,FALSE,FALSE
CCDC86,TRUE,FALSE,FALSE
CCN3,TRUE,FALSE,FALSE
CCNA1,TRUE,FALSE,FALSE
CCNA2,TRUE,FALSE,FALSE
CCNB1,TRUE,FALSE,FALSE
CCNB2,TRUE,FALSE,FALSE
CCND3,TRUE,FALSE,FALSE
CCNDBP1,TRUE,FALSE,FALSE
CCNE2,TRUE,FALSE,FALSE
CCNG1,TRUE,FALSE,FALSE
CCNG2,TRUE,FALSE,FALSE
CCNI,TRUE,FALSE,FALSE
CCNI2,TRUE,FALSE,FALSE
CCNL1,TRUE,FALSE,FALSE
CCNYL1,TRUE,FALSE,FALSE
CCP110,TRUE,FALSE,FALSE
CCPG1,TRUE,FALSE,FALSE
CCR3,TRUE,FALSE,FALSE
CCR8,TRUE,FALSE,FALSE
CCT8L2,TRUE,FALSE,FALSE
CCZ1,TRUE,FALSE,FALSE
CCZ1B,TRUE,FALSE,FALSE
CD101,TRUE,FALSE,FALSE
CD164,TRUE,FALSE,FALSE
CD177,TRUE,FALSE,FALSE
CD1C,TRUE,FALSE,FALSE
CD1D,FALSE,FALSE,TRUE
CD1E,TRUE,FALSE,FALSE
CD2,TRUE,FALSE,FALSE
CD200R1L,TRUE,FALSE,FALSE
CD24,TRUE,FALSE,FALSE
CD244,TRUE,FALSE,FALSE
CD247,TRUE,FALSE,FALSE
CD28,TRUE,FALSE,FALSE
CD300E,TRUE,FALSE,FALSE
CD300LB,TRUE,FALSE,FALSE
CD300LF,TRUE,FALSE,FALSE
CD300LG,TRUE,FALSE,FALSE
CD3D,TRUE,FALSE,FALSE
CD3E,TRUE,FALSE,FALSE
CD3G,TRUE,FALSE,FALSE
CD4,TRUE,FALSE,FALSE
CD40LG,TRUE,FALSE,FALSE
CD44,TRUE,FALSE,FALSE
CD5,TRUE,FALSE,FALSE
CD55,TRUE,FALSE,FALSE
CD58,TRUE,FALSE,FALSE
CD59,TRUE,FALSE,FALSE
CD6,TRUE,FALSE,FALSE
CD63,TRUE,FALSE,FALSE
CD74,TRUE,FALSE,FALSE
CD8B,TRUE,FALSE,FALSE
CD9,TRUE,FALSE,FALSE
CDA,TRUE,FALSE,FALSE
CDADC1,TRUE,TRUE,TRUE
CDC123,TRUE,FALSE,FALSE
CDC27,TRUE,FALSE,FALSE
CDC37,TRUE,FALSE,FALSE
CDC40,TRUE,FALSE,FALSE
CDC42,TRUE,FALSE,FALSE
CDC42BPA,TRUE,FALSE,FALSE
CDC42BPG,TRUE,FALSE,FALSE
CDC45,TRUE,FALSE,FALSE
CDC73,TRUE,FALSE,FALSE
CDH23,TRUE,FALSE,FALSE
CDHR2,TRUE,FALSE,FALSE
CDHR4,TRUE,FALSE,FALSE
CDHR5,TRUE,FALSE,FALSE
CDK10,TRUE,FALSE,FALSE
CDK14,TRUE,FALSE,FALSE
CDK16,TRUE,FALSE,FALSE
CDK18,TRUE,FALSE,FALSE
CDK7,TRUE,FALSE,FALSE
CDK8,TRUE,FALSE,FALSE
CDK9,TRUE,FALSE,FALSE
CDKL3,TRUE,FALSE,FALSE
CDKN1C,TRUE,FALSE,FALSE
CDKN2C,TRUE,FALSE,FALSE
CDKN2D,TRUE,FALSE,FALSE
CDPF1,TRUE,FALSE,FALSE
CDR1,TRUE,FALSE,FALSE
CDRT1,TRUE,FALSE,FALSE
CDRT15,TRUE,FALSE,FALSE
CDYL,TRUE,FALSE,FALSE
CDYL2,TRUE,FALSE,FALSE
CEACAM1,TRUE,TRUE,TRUE
CEACAM7,TRUE,FALSE,FALSE
CEACAM8,TRUE,FALSE,FALSE
CEBPE,TRUE,FALSE,FALSE
CEBPZ,TRUE,FALSE,FALSE
CEBPZOS,TRUE,FALSE,FALSE
CECR2,TRUE,FALSE,FALSE
CELA1,TRUE,FALSE,FALSE
CELA2B,TRUE,FALSE,FALSE
CELF3,TRUE,FALSE,FALSE
CELSR1,TRUE,FALSE,FALSE
CELSR3,TRUE,FALSE,FALSE
CEMIP,TRUE,FALSE,FALSE
CEND1,TRUE,FALSE,FALSE
CENPE,TRUE,FALSE,FALSE
CENPL,TRUE,FALSE,FALSE
CENPV,TRUE,FALSE,FALSE
CEP112,TRUE,FALSE,FALSE
CEP164,TRUE,FALSE,FALSE
CEP19,TRUE,FALSE,FALSE
CEP350,TRUE,FALSE,FALSE
CEP41,TRUE,FALSE,FALSE
CEP55,TRUE,FALSE,FALSE
CEP57L1,TRUE,FALSE,FALSE
CERT1,TRUE,FALSE,FALSE
CES3,TRUE,FALSE,FALSE
CETN2,TRUE,FALSE,FALSE
CFAP100,TRUE,FALSE,FALSE
CFAP157,TRUE,FALSE,FALSE
CFAP410,TRUE,FALSE,FALSE
CFAP53,TRUE,FALSE,FALSE
CFAP69,TRUE,FALSE,FALSE
CFAP70,TRUE,FALSE,FALSE
CFAP97D1,TRUE,FALSE,FALSE
CFC1,TRUE,FALSE,FALSE
CFL1,TRUE,FALSE,FALSE
CGRRF1,TRUE,FALSE,FALSE
CHCHD1,TRUE,FALSE,FALSE
CHCHD2,TRUE,FALSE,FALSE
CHCHD7,TRUE,FALSE,FALSE
CHD1,TRUE,FALSE,FALSE
CHD9,TRUE,FALSE,FALSE
CHGA,TRUE,FALSE,FALSE
CHKA,TRUE,FALSE,FALSE
CHM,TRUE,FALSE,FALSE
CHMP2B,TRUE,FALSE,FALSE
CHMP4B,TRUE,FALSE,FALSE
CHMP7,TRUE,FALSE,FALSE
CHN2,TRUE,FALSE,FALSE
CHODL,TRUE,FALSE,FALSE
CHP1,TRUE,FALSE,FALSE
CHPT1,TRUE,FALSE,FALSE
CHRNB2,TRUE,FALSE,FALSE
CHRNG,TRUE,FALSE,FALSE
CHST10,TRUE,FALSE,FALSE
CHST12,TRUE,FALSE,FALSE
CHST7,TRUE,FALSE,FALSE
CHSY1,FALSE,FALSE,TRUE
CHUK,TRUE,FALSE,FALSE
CIAO2A,TRUE,FALSE,FALSE
CIB3,TRUE,FALSE,FALSE
CIP2A,TRUE,FALSE,FALSE
CISD2,TRUE,FALSE,FALSE
CKAP4,TRUE,FALSE,FALSE
CKLF,TRUE,FALSE,FALSE
CLASP1,TRUE,FALSE,FALSE
CLCN3,TRUE,FALSE,FALSE
CLDN23,TRUE,FALSE,FALSE
CLDN3,TRUE,FALSE,FALSE
CLEC1A,TRUE,FALSE,FALSE
CLEC3A,TRUE,FALSE,FALSE
CLEC4C,TRUE,FALSE,FALSE
CLEC4D,TRUE,FALSE,FALSE
CLEC4E,TRUE,FALSE,FALSE
CLEC4M,TRUE,FALSE,FALSE
CLEC5A,TRUE,FALSE,FALSE
CLIC1,TRUE,FALSE,FALSE
CLIC4,TRUE,FALSE,FALSE
CLINT1,TRUE,FALSE,FALSE
CLIP3,TRUE,FALSE,FALSE
CLN8,TRUE,FALSE,FALSE
CLTA,TRUE,FALSE,FALSE
CLTC,TRUE,FALSE,FALSE
CLUAP1,TRUE,FALSE,FALSE
CLVS1,TRUE,FALSE,FALSE
CLYBL,TRUE,FALSE,FALSE
CMSS1,TRUE,FALSE,FALSE
CMTM2,TRUE,FALSE,FALSE
CMTM4,TRUE,FALSE,FALSE
CMTM6,TRUE,FALSE,FALSE
CMTM8,TRUE,FALSE,FALSE
CNDP2,TRUE,FALSE,FALSE
CNIH4,TRUE,FALSE,FALSE
CNOT6,TRUE,FALSE,FALSE
COA4,TRUE,FALSE,FALSE
COBL,TRUE,FALSE,FALSE
COCH,TRUE,FALSE,FALSE
COG1,TRUE,FALSE,FALSE
COG5,TRUE,FALSE,FALSE
COL17A1,TRUE,FALSE,FALSE
COL18A1,TRUE,FALSE,FALSE
COLGALT2,TRUE,FALSE,FALSE
COMMD2,TRUE,FALSE,FALSE
COMMD7,TRUE,FALSE,FALSE
COMT,FALSE,FALSE,TRUE
COPA,TRUE,FALSE,FALSE
COPB1,TRUE,FALSE,FALSE
COPRS,TRUE,FALSE,FALSE
COPS2,TRUE,FALSE,FALSE
COPZ1,TRUE,FALSE,FALSE
COQ10B,TRUE,FALSE,FALSE
COQ4,TRUE,FALSE,FALSE
COQ8A,TRUE,FALSE,FALSE
CORO1B,TRUE,FALSE,FALSE
COX10,TRUE,FALSE,FALSE
COX4I1,TRUE,FALSE,FALSE
COX6A1,TRUE,FALSE,FALSE
COX6B1,TRUE,FALSE,FALSE
COX6B2,TRUE,FALSE,FALSE
COX7A2,TRUE,FALSE,FALSE
COX7A2L,TRUE,FALSE,FALSE
COX7C,TRUE,FALSE,FALSE
COX8A,TRUE,FALSE,FALSE
CP,TRUE,FALSE,FALSE
CPEB4,TRUE,FALSE,FALSE
CPED1,TRUE,FALSE,FALSE
CPNE3,TRUE,FALSE,FALSE
CPSF3,TRUE,FALSE,FALSE
CPVL,TRUE,FALSE,FALSE
CR1,TRUE,FALSE,FALSE
CR1L,TRUE,FALSE,FALSE
CRB3,TRUE,FALSE,FALSE
CRCP,TRUE,FALSE,FALSE
CREB3L4,TRUE,FALSE,FALSE
CREBL2,TRUE,FALSE,FALSE
CREG1,TRUE,FALSE,FALSE
CREG2,TRUE,FALSE,FALSE
CREM,TRUE,TRUE,TRUE
CRIP1,TRUE,FALSE,FALSE
CRIP2,TRUE,FALSE,FALSE
CRISP3,TRUE,TRUE,TRUE
CRLS1,TRUE,FALSE,FALSE
CRPPA,TRUE,FALSE,FALSE
CRTAP,TRUE,FALSE,FALSE
CRTC1,TRUE,FALSE,FALSE
CRX,TRUE,FALSE,FALSE
CRYGC,TRUE,FALSE,FALSE
CSDE1,TRUE,FALSE,FALSE
CSF1R,TRUE,FALSE,FALSE
CSGALNACT1,TRUE,FALSE,FALSE
CSGALNACT2,TRUE,FALSE,FALSE
CSNK1A1,TRUE,FALSE,FALSE
CSNK1G3,TRUE,FALSE,FALSE
CSNK2A2,TRUE,FALSE,FALSE
CSNK2B,TRUE,FALSE,FALSE
CSRNP1,FALSE,FALSE,TRUE
CST7,TRUE,FALSE,FALSE
CSTA,TRUE,FALSE,FALSE
CSTB,TRUE,FALSE,FALSE
CTDNEP1,TRUE,FALSE,FALSE
CTDSPL,TRUE,FALSE,FALSE
CTNNB1,TRUE,FALSE,FALSE
CTSD,TRUE,FALSE,FALSE
CTSF,TRUE,FALSE,FALSE
CTSG,FALSE,FALSE,TRUE
CTSV,TRUE,FALSE,FALSE
CTTNBP2NL,TRUE,FALSE,FALSE
CTU2,TRUE,FALSE,FALSE
CUBN,TRUE,FALSE,FALSE
CUL2,TRUE,FALSE,FALSE
CUTC,TRUE,FALSE,FALSE
CWF19L1,TRUE,FALSE,FALSE
CX3CR1,TRUE,FALSE,FALSE
CXCL10,TRUE,FALSE,FALSE
CXCR3,TRUE,FALSE,FALSE
CXCR5,TRUE,FALSE,FALSE
CXorf65,TRUE,FALSE,FALSE
CXXC5,TRUE,FALSE,FALSE
CYB561,TRUE,FALSE,FALSE
CYB5R1,TRUE,FALSE,FALSE
CYB5RL,TRUE,FALSE,FALSE
CYBB,TRUE,FALSE,FALSE
CYP19A1,TRUE,FALSE,FALSE
CYP21A2,TRUE,FALSE,FALSE
CYP26A1,TRUE,FALSE,FALSE
CYP2A6,TRUE,FALSE,FALSE
CYP2F1,TRUE,FALSE,FALSE
CYP2S1,TRUE,FALSE,FALSE
CYP4F22,TRUE,FALSE,FALSE
CYP4V2,TRUE,FALSE,FALSE
CYP51A1,TRUE,FALSE,FALSE
CYP8B1,TRUE,FALSE,FALSE
CYSTM1,TRUE,FALSE,FALSE
CYYR1,TRUE,FALSE,FALSE
D2HGDH,TRUE,FALSE,FALSE
DAAM2,TRUE,FALSE,FALSE
DAB1,TRUE,FALSE,FALSE
DACH1,TRUE,FALSE,FALSE
DACT1,TRUE,FALSE,FALSE
DAD1,TRUE,FALSE,FALSE
DAGLA,TRUE,FALSE,FALSE
DARS2,TRUE,FALSE,FALSE
DAZAP1,TRUE,FALSE,FALSE
DCAF10,TRUE,FALSE,FALSE
DCAF11,TRUE,FALSE,FALSE
DCAF4,TRUE,FALSE,FALSE
DCAF6,TRUE,FALSE,FALSE
DCAKD,TRUE,FALSE,FALSE
DCHS1,TRUE,FALSE,FALSE
DCLRE1B,TRUE,FALSE,FALSE
DCTN3,TRUE,FALSE,FALSE
DCUN1D1,TRUE,FALSE,FALSE
DCUN1D3,FALSE,FALSE,TRUE
DDAH2,TRUE,TRUE,TRUE
DDIT4,TRUE,FALSE,FALSE
DDX31,TRUE,FALSE,FALSE
DDX42,TRUE,FALSE,FALSE
DDX47,TRUE,FALSE,FALSE
DDX55,TRUE,FALSE,FALSE
DDX56,TRUE,FALSE,FALSE
DDX6,TRUE,FALSE,FALSE
DEDD,TRUE,FALSE,FALSE
DEFA1,TRUE,FALSE,FALSE
DEFA3,TRUE,FALSE,FALSE
DEFA4,TRUE,FALSE,FALSE
DEFB105B,FALSE,FALSE,TRUE
DEFB128,TRUE,FALSE,FALSE
DENND2C,TRUE,FALSE,FALSE
DENND4A,TRUE,FALSE,FALSE
DEPDC1,TRUE,FALSE,FALSE
DESI2,TRUE,FALSE,FALSE
DFFA,TRUE,FALSE,FALSE
DGCR6,TRUE,FALSE,FALSE
DGCR6L,TRUE,FALSE,FALSE
DGKZ,TRUE,FALSE,FALSE
DGLUCY,TRUE,FALSE,FALSE
DHCR7,TRUE,FALSE,FALSE
DHRS3,TRUE,FALSE,FALSE
DHRS4,TRUE,FALSE,FALSE
DHRS7,TRUE,FALSE,FALSE
DHRS9,TRUE,FALSE,FALSE
DHX36,TRUE,FALSE,FALSE
DHX58,TRUE,FALSE,FALSE
DIAPH2,TRUE,FALSE,FALSE
DIAPH3,TRUE,FALSE,FALSE
DIPK2A,TRUE,FALSE,FALSE
DIS3L,TRUE,FALSE,FALSE
DIS3L2,TRUE,FALSE,FALSE
DISC1,TRUE,FALSE,FALSE
DISP2,TRUE,FALSE,FALSE
DLD,TRUE,FALSE,FALSE
DLG3,TRUE,FALSE,FALSE
DLGAP3,TRUE,FALSE,FALSE
DLGAP5,TRUE,FALSE,FALSE
DMRTC1,TRUE,FALSE,FALSE
DMRTC1B,TRUE,FALSE,FALSE
DMRTC2,TRUE,FALSE,FALSE
DNAAF2,TRUE,FALSE,FALSE
DNAAF4,TRUE,FALSE,FALSE
DNAAF5,TRUE,FALSE,FALSE
DNAH14,TRUE,FALSE,FALSE
DNAJA2,TRUE,FALSE,FALSE
DNAJA3,TRUE,FALSE,FALSE
DNAJB11,TRUE,FALSE,FALSE
DNAJB13,TRUE,FALSE,FALSE
DNAJB14,TRUE,FALSE,FALSE
DNAJB5,TRUE,FALSE,FALSE
DNAJC27,TRUE,FALSE,FALSE
DNAJC3,TRUE,FALSE,FALSE
DNAJC30,TRUE,FALSE,FALSE
DNAJC4,TRUE,FALSE,FALSE
DNAJC5,TRUE,FALSE,FALSE
DNAJC6,TRUE,FALSE,FALSE
DNAJC8,TRUE,FALSE,FALSE
DNASE1L2,TRUE,FALSE,FALSE
DND1,TRUE,FALSE,FALSE
DNHD1,TRUE,FALSE,FALSE
DNLZ,TRUE,FALSE,FALSE
DNPEP,TRUE,FALSE,FALSE
DNTTIP2,TRUE,FALSE,FALSE
DOCK10,TRUE,FALSE,FALSE
DOCK3,TRUE,FALSE,FALSE
DOCK4,FALSE,FALSE,TRUE
DPEP3,TRUE,FALSE,FALSE
DPF2,TRUE,FALSE,FALSE
DPH2,TRUE,FALSE,FALSE
DPH3,TRUE,FALSE,FALSE
DPP10,TRUE,FALSE,FALSE
DPP4,TRUE,FALSE,FALSE
DPP9,TRUE,FALSE,FALSE
DPPA4,TRUE,FALSE,FALSE
DPY19L1,TRUE,FALSE,FALSE
DPY19L3,TRUE,FALSE,FALSE
DPYS,TRUE,FALSE,FALSE
DPYSL2,TRUE,FALSE,FALSE
DR1,TRUE,FALSE,FALSE
DRAM1,TRUE,FALSE,FALSE
DRAXIN,TRUE,FALSE,FALSE
DSCC1,TRUE,FALSE,FALSE
DSP,TRUE,FALSE,FALSE
DTNB,TRUE,FALSE,FALSE
DTYMK,TRUE,FALSE,FALSE
DUS4L-BCAP29,TRUE,FALSE,FALSE
DUSP13,TRUE,FALSE,FALSE
DUSP14,TRUE,FALSE,FALSE
DUSP7,TRUE,FALSE,FALSE
DYNC1LI2,TRUE,FALSE,FALSE
DYNLL1,TRUE,FALSE,FALSE
DYNLRB1,TRUE,FALSE,FALSE
DYRK2,TRUE,FALSE,FALSE
DYRK3,TRUE,FALSE,FALSE
DYTN,TRUE,FALSE,FALSE
E2F2,TRUE,FALSE,FALSE
E2F8,TRUE,FALSE,FALSE
EAF2,TRUE,FALSE,FALSE
EAPP,TRUE,FALSE,FALSE
EBF4,TRUE,FALSE,FALSE
EBLN2,TRUE,TRUE,TRUE
ECHDC3,TRUE,FALSE,FALSE
ECPAS,TRUE,FALSE,FALSE
ECSCR,TRUE,FALSE,FALSE
EDDM13,TRUE,FALSE,FALSE
EDN3,TRUE,FALSE,FALSE
EEF2K,TRUE,FALSE,FALSE
EEPD1,TRUE,FALSE,FALSE
EFCAB3,TRUE,FALSE,FALSE
EFNA3,TRUE,FALSE,FALSE
EFNA4,TRUE,FALSE,FALSE
EFNB1,TRUE,FALSE,FALSE
EID1,TRUE,FALSE,FALSE
EIF1,TRUE,FALSE,FALSE
EIF1B,TRUE,FALSE,FALSE
EIF2AK1,TRUE,FALSE,FALSE
EIF2B3,TRUE,FALSE,FALSE
EIF2S2,TRUE,FALSE,FALSE
EIF4EBP2,TRUE,FALSE,FALSE
EIF4G2,TRUE,FALSE,FALSE
EIF4G3,TRUE,FALSE,FALSE
ELANE,TRUE,FALSE,FALSE
ELAVL2,TRUE,FALSE,FALSE
ELL2,TRUE,FALSE,FALSE
ELL3,TRUE,FALSE,FALSE
ELMSAN1,TRUE,FALSE,FALSE
EMB,TRUE,FALSE,FALSE
EMC1,TRUE,FALSE,FALSE
EMC2,TRUE,FALSE,FALSE
EMC3,TRUE,FALSE,FALSE
EMC7,TRUE,FALSE,FALSE
EML4,TRUE,FALSE,FALSE
ENAH,TRUE,FALSE,FALSE
ENDOU,TRUE,FALSE,FALSE
ENDOV,TRUE,FALSE,FALSE
ENG,TRUE,FALSE,FALSE
ENKD1,TRUE,FALSE,FALSE
ENKUR,TRUE,FALSE,FALSE
ENO1,TRUE,FALSE,FALSE
ENO4,TRUE,FALSE,FALSE
ENPP4,TRUE,FALSE,FALSE
ENSA,TRUE,FALSE,FALSE
ENTPD2,TRUE,FALSE,FALSE
ENTPD6,TRUE,FALSE,FALSE
ENTPD7,TRUE,FALSE,FALSE
ENTPD8,TRUE,FALSE,FALSE
ENTR1,TRUE,FALSE,FALSE
ENY2,TRUE,FALSE,FALSE
EOMES,TRUE,FALSE,FALSE
EP400,TRUE,FALSE,FALSE
EPAS1,TRUE,FALSE,FALSE
EPB41L3,TRUE,FALSE,FALSE
EPB41L5,TRUE,FALSE,FALSE
EPHB1,TRUE,FALSE,FALSE
EPHB2,TRUE,FALSE,FALSE
EPHX2,TRUE,FALSE,FALSE
EPS15,TRUE,FALSE,FALSE
EPS15L1,TRUE,FALSE,FALSE
EPS8L2,TRUE,FALSE,FALSE
EPSTI1,TRUE,FALSE,FALSE
ERFL,TRUE,FALSE,FALSE
ERG,TRUE,FALSE,FALSE
ERGIC2,TRUE,FALSE,FALSE
ERH,TRUE,FALSE,FALSE
ERICH6,TRUE,FALSE,FALSE
ERLIN1,TRUE,FALSE,FALSE
ERLIN2,TRUE,FALSE,FALSE
ERO1A,TRUE,FALSE,FALSE
ERVMER34-1,TRUE,FALSE,FALSE
ESR2,TRUE,FALSE,FALSE
ESYT1,TRUE,FALSE,FALSE
ETF1,TRUE,FALSE,FALSE
ETFA,TRUE,FALSE,FALSE
ETS2,TRUE,FALSE,FALSE
ETV7,TRUE,FALSE,FALSE
EVL,TRUE,FALSE,FALSE
EXOC3L1,TRUE,FALSE,FALSE
EXOC5,TRUE,FALSE,FALSE
EXOSC1,TRUE,FALSE,FALSE
EXOSC2,TRUE,FALSE,FALSE
EXOSC4,TRUE,FALSE,FALSE
EXOSC5,TRUE,FALSE,FALSE
EXPH5,TRUE,FALSE,FALSE
EXT1,TRUE,FALSE,FALSE
EZH2,TRUE,FALSE,FALSE
EZR,TRUE,FALSE,FALSE
F11,TRUE,FALSE,FALSE
F12,TRUE,FALSE,FALSE
F2,TRUE,FALSE,FALSE
F5,TRUE,FALSE,FALSE
FAAH,TRUE,FALSE,FALSE
FAAH2,TRUE,FALSE,FALSE
FAAP100,TRUE,FALSE,FALSE
FABP6,TRUE,FALSE,FALSE
FAF1,TRUE,FALSE,FALSE
FAHD2B,TRUE,FALSE,FALSE
FAM104A,TRUE,FALSE,FALSE
FAM107B,TRUE,FALSE,FALSE
FAM110B,TRUE,FALSE,FALSE
FAM114A2,TRUE,FALSE,FALSE
FAM117B,TRUE,FALSE,FALSE
FAM120C,TRUE,FALSE,FALSE
FAM122A,TRUE,FALSE,FALSE
FAM136A,TRUE,FALSE,FALSE
FAM153B,TRUE,FALSE,FALSE
FAM160A2,TRUE,FALSE,FALSE
FAM160B2,TRUE,FALSE,FALSE
FAM163B,TRUE,FALSE,FALSE
FAM166B,TRUE,FALSE,FALSE
FAM169A,TRUE,FALSE,FALSE
FAM174B,TRUE,FALSE,FALSE
FAM177A1,TRUE,FALSE,FALSE
FAM184A,TRUE,FALSE,FALSE
FAM184B,TRUE,FALSE,FALSE
FAM186B,TRUE,FALSE,FALSE
FAM207A,TRUE,FALSE,FALSE
FAM214B,TRUE,FALSE,FALSE
FAM217B,TRUE,FALSE,FALSE
FAM227A,TRUE,FALSE,FALSE
FAM229B,TRUE,FALSE,FALSE
FAM243B,TRUE,FALSE,FALSE
FAM24B,TRUE,FALSE,FALSE
FAM32A,TRUE,FALSE,FALSE
FAM43A,TRUE,FALSE,FALSE
FAM47E-STBD1,TRUE,TRUE,TRUE
FAM49B,TRUE,FALSE,FALSE
FAM83D,TRUE,FALSE,FALSE
FAM83G,TRUE,FALSE,FALSE
FAM86C1,TRUE,FALSE,FALSE
FAM89B,TRUE,FALSE,FALSE
FAP,TRUE,FALSE,FALSE
FAR1,TRUE,FALSE,FALSE
FAR2,TRUE,FALSE,FALSE
FASLG,TRUE,FALSE,FALSE
FASN,TRUE,FALSE,FALSE
FASTKD3,TRUE,FALSE,FALSE
FASTKD5,TRUE,FALSE,FALSE
FAU,TRUE,FALSE,FALSE
FAXC,TRUE,FALSE,FALSE
FBLIM1,TRUE,FALSE,FALSE
FBLN5,TRUE,FALSE,FALSE
FBLN7,TRUE,FALSE,FALSE
FBN1,TRUE,TRUE,TRUE
FBXL14,TRUE,FALSE,FALSE
FBXL16,TRUE,FALSE,FALSE
FBXL22,TRUE,FALSE,FALSE
FBXL4,TRUE,FALSE,FALSE
FBXO11,TRUE,FALSE,FALSE
FBXO21,TRUE,FALSE,FALSE
FBXO24,TRUE,FALSE,FALSE
FBXO3,TRUE,FALSE,FALSE
FBXO30,TRUE,FALSE,FALSE
FBXO32,TRUE,FALSE,FALSE
FBXO34,TRUE,FALSE,FALSE
FBXO36,TRUE,FALSE,FALSE
FBXO38,TRUE,FALSE,FALSE
FBXO39,TRUE,FALSE,FALSE
FBXO41,TRUE,FALSE,FALSE
FBXO8,TRUE,FALSE,FALSE
FBXW2,TRUE,FALSE,FALSE
FBXW5,TRUE,FALSE,FALSE
FBXW7,TRUE,FALSE,FALSE
FCAR,TRUE,FALSE,FALSE
FCER1G,TRUE,FALSE,FALSE
FCER2,TRUE,FALSE,FALSE
FCGR2B,TRUE,FALSE,FALSE
FCGR3B,TRUE,FALSE,FALSE
FCHO1,TRUE,FALSE,FALSE
FCHO2,TRUE,FALSE,FALSE
FCMR,TRUE,FALSE,FALSE
FCRL6,TRUE,FALSE,FALSE
FDFT1,TRUE,FALSE,FALSE
FEM1C,TRUE,FALSE,FALSE
FERMT3,TRUE,FALSE,FALSE
FFAR4,TRUE,FALSE,FALSE
FGD2,TRUE,FALSE,FALSE
FGD4,TRUE,FALSE,FALSE
FGF1,TRUE,FALSE,FALSE
FGF8,TRUE,FALSE,FALSE
FGFR1OP2,TRUE,FALSE,FALSE
FIBP,TRUE,FALSE,FALSE
FIG4,TRUE,FALSE,FALSE
FILIP1,TRUE,FALSE,FALSE
FIP1L1,TRUE,FALSE,FALSE
FITM2,TRUE,FALSE,FALSE
FKBP1A,TRUE,FALSE,FALSE
FKBP5,TRUE,FALSE,FALSE
FKBP6,TRUE,FALSE,FALSE
FKBP9,TRUE,FALSE,FALSE
FLNB,TRUE,FALSE,FALSE
FLOT1,TRUE,FALSE,FALSE
FLT1,TRUE,FALSE,FALSE
FLT3LG,TRUE,FALSE,FALSE
FMNL3,TRUE,FALSE,FALSE
FMO4,TRUE,FALSE,FALSE
FNDC11,TRUE,FALSE,FALSE
FNDC3A,TRUE,FALSE,FALSE
FO681492.1,TRUE,FALSE,FALSE
FOLR1,TRUE,FALSE,FALSE
FOXM1,TRUE,FALSE,FALSE
FOXN2,TRUE,FALSE,FALSE
FOXN3,TRUE,FALSE,FALSE
FP565260.1,TRUE,FALSE,FALSE
FPGS,TRUE,FALSE,FALSE
FPGT,TRUE,FALSE,FALSE
FPR2,TRUE,FALSE,FALSE
FSCN2,TRUE,FALSE,FALSE
FSD1L,TRUE,FALSE,FALSE
FTH1,TRUE,FALSE,FALSE
FTL,TRUE,FALSE,FALSE
FTMT,TRUE,FALSE,FALSE
FURIN,TRUE,FALSE,FALSE
FUT4,TRUE,FALSE,FALSE
FUT8,TRUE,FALSE,FALSE
FXR1,TRUE,FALSE,FALSE
FXYD6,TRUE,FALSE,FALSE
FXYD7,TRUE,FALSE,FALSE
FYN,TRUE,FALSE,FALSE
FZD10,TRUE,FALSE,FALSE
FZD2,TRUE,FALSE,FALSE
FZD4,TRUE,FALSE,FALSE
G0S2,TRUE,TRUE,TRUE
G6PD,TRUE,FALSE,FALSE
GABARAPL2,TRUE,FALSE,FALSE
GABPA,TRUE,FALSE,FALSE
GABPB1,TRUE,FALSE,FALSE
GABRB1,TRUE,FALSE,FALSE
GADD45A,TRUE,FALSE,FALSE
GADD45B,TRUE,FALSE,FALSE
GALNT1,TRUE,FALSE,FALSE
GALNT2,TRUE,FALSE,FALSE
GALNT4,TRUE,FALSE,FALSE
GALNT7,TRUE,FALSE,FALSE
GALNTL5,TRUE,FALSE,FALSE
GALT,TRUE,FALSE,FALSE
GAP43,TRUE,FALSE,FALSE
GAPDH,TRUE,FALSE,FALSE
GAPVD1,TRUE,FALSE,FALSE
GAS8,TRUE,FALSE,FALSE
GATA2,TRUE,FALSE,FALSE
GATA3,TRUE,FALSE,FALSE
GBA,TRUE,FALSE,FALSE
GBE1,TRUE,FALSE,FALSE
GBP1,TRUE,FALSE,FALSE
GBP4,TRUE,FALSE,FALSE
GBP5,TRUE,FALSE,FALSE
GCA,TRUE,FALSE,FALSE
GCLM,TRUE,FALSE,FALSE
GCM1,TRUE,FALSE,FALSE
GCNT1,TRUE,FALSE,FALSE
GCNT4,TRUE,FALSE,FALSE
GCSAM,TRUE,FALSE,FALSE
GDF11,TRUE,FALSE,FALSE
GDI2,TRUE,FALSE,FALSE
GDPD3,TRUE,FALSE,FALSE
GEM,TRUE,FALSE,FALSE
GET3,TRUE,FALSE,FALSE
GFI1,TRUE,FALSE,FALSE
GGH,TRUE,FALSE,FALSE
GGNBP2,TRUE,FALSE,FALSE
GGT1,TRUE,FALSE,FALSE
GGT7,TRUE,FALSE,FALSE
GHITM,TRUE,FALSE,FALSE
GIMAP1,TRUE,FALSE,FALSE
GIMAP4,TRUE,FALSE,FALSE
GIMAP5,TRUE,FALSE,FALSE
GIMAP6,TRUE,FALSE,FALSE
GIMAP7,TRUE,FALSE,FALSE
GIMAP8,TRUE,FALSE,FALSE
GIT1,TRUE,FALSE,FALSE
GJA1,TRUE,FALSE,FALSE
GJB3,TRUE,FALSE,FALSE
GJB5,TRUE,FALSE,FALSE
GK5,TRUE,FALSE,FALSE
GLB1L2,TRUE,FALSE,FALSE
GLI1,TRUE,FALSE,FALSE
GLIS2,TRUE,FALSE,FALSE
GLOD4,TRUE,FALSE,FALSE
GLRA3,TRUE,FALSE,FALSE
GLTP,TRUE,FALSE,FALSE
GLUL,TRUE,FALSE,FALSE
GM2A,TRUE,FALSE,FALSE
GMFB,TRUE,FALSE,FALSE
GMFG,TRUE,FALSE,FALSE
GNA13,TRUE,FALSE,FALSE
GNAI3,TRUE,FALSE,FALSE
GNAL,TRUE,FALSE,FALSE
GNAQ,TRUE,FALSE,FALSE
GNAS,TRUE,FALSE,FALSE
GNG10,TRUE,FALSE,FALSE
GNG2,TRUE,FALSE,FALSE
GNG5,TRUE,FALSE,FALSE
GNGT2,TRUE,FALSE,FALSE
GNMT,TRUE,FALSE,FALSE
GOLGA1,TRUE,FALSE,FALSE
GOLGA6D,TRUE,FALSE,FALSE
GOLGA6L1,TRUE,FALSE,FALSE
GOLGA6L7,TRUE,FALSE,FALSE
GOLGA6L9,TRUE,FALSE,FALSE
GOLGA7B,TRUE,FALSE,FALSE
GOLGA8A,TRUE,FALSE,FALSE
GOLGA8O,TRUE,FALSE,FALSE
GOLGA8Q,TRUE,FALSE,FALSE
GOLPH3,TRUE,FALSE,FALSE
GOSR1,TRUE,FALSE,FALSE
GPA33,TRUE,FALSE,FALSE
GPAA1,TRUE,FALSE,FALSE
GPAT4,TRUE,TRUE,TRUE
GPBAR1,TRUE,FALSE,FALSE
GPBP1L1,TRUE,FALSE,FALSE
GPC1,TRUE,FALSE,FALSE
GPHN,TRUE,FALSE,FALSE
GPI,TRUE,FALSE,FALSE
GPR135,TRUE,FALSE,FALSE
GPR141,TRUE,FALSE,FALSE
GPR150,TRUE,FALSE,FALSE
GPR153,TRUE,FALSE,FALSE
GPR160,TRUE,FALSE,FALSE
GPR174,TRUE,FALSE,FALSE
GPR68,TRUE,FALSE,FALSE
GPR84,TRUE,TRUE,TRUE
GPR85,TRUE,FALSE,FALSE
GPRASP1,TRUE,FALSE,FALSE
GPT,TRUE,FALSE,FALSE
GRAP,TRUE,FALSE,FALSE
GRB10,TRUE,FALSE,FALSE
GRIFIN,TRUE,FALSE,FALSE
GRIK4,TRUE,FALSE,FALSE
GRIN2C,TRUE,FALSE,FALSE
GRIN3A,TRUE,FALSE,FALSE
GRINA,TRUE,FALSE,FALSE
GRIP2,TRUE,FALSE,FALSE
GRM2,TRUE,FALSE,FALSE
GRM6,TRUE,FALSE,FALSE
GRWD1,TRUE,FALSE,FALSE
GSC2,TRUE,FALSE,FALSE
GSG1L2,TRUE,FALSE,FALSE
GSKIP,TRUE,FALSE,FALSE
GSPT2,TRUE,FALSE,FALSE
GSR,TRUE,FALSE,FALSE
GSTM1,TRUE,FALSE,FALSE
GSTO1,TRUE,FALSE,FALSE
GSTO2,TRUE,FALSE,FALSE
GTDC1,TRUE,FALSE,FALSE
GTF2A2,TRUE,FALSE,FALSE
GTF2F2,TRUE,FALSE,FALSE
GTF2H2,TRUE,FALSE,FALSE
GTF2IRD1,TRUE,FALSE,FALSE
GTPBP1,FALSE,FALSE,TRUE
GTPBP3,TRUE,FALSE,FALSE
GVQW3,TRUE,FALSE,FALSE
GYG1,TRUE,FALSE,FALSE
GYPB,TRUE,FALSE,FALSE
GYS1,TRUE,FALSE,FALSE
GZMH,TRUE,FALSE,FALSE
H1-0,TRUE,FALSE,FALSE
H1-2,TRUE,FALSE,FALSE
H1-4,TRUE,FALSE,FALSE
H1-5,TRUE,FALSE,FALSE
H2AB3,TRUE,FALSE,FALSE
H2AC11,TRUE,FALSE,FALSE
H2AC13,TRUE,FALSE,FALSE
H2AC14,TRUE,FALSE,FALSE
H2AC16,TRUE,FALSE,FALSE
H2AC17,TRUE,FALSE,FALSE
H2AC20,TRUE,FALSE,FALSE
H2AC21,TRUE,FALSE,FALSE
H2AC7,TRUE,FALSE,FALSE
H2AC8,TRUE,FALSE,FALSE
H2AJ,TRUE,FALSE,FALSE
H2AX,TRUE,FALSE,FALSE
H2AZ1,TRUE,FALSE,FALSE
H2AZ2,TRUE,FALSE,FALSE
H2BC11,TRUE,FALSE,FALSE
H2BC12,TRUE,FALSE,FALSE
H2BC13,TRUE,FALSE,FALSE
H2BC14,TRUE,FALSE,FALSE
H2BC15,TRUE,FALSE,FALSE
H2BC17,TRUE,FALSE,FALSE
H2BC3,TRUE,FALSE,FALSE
H2BC4,TRUE,FALSE,FALSE
H2BC5,TRUE,FALSE,FALSE
H2BC6,TRUE,FALSE,FALSE
H2BC8,TRUE,FALSE,FALSE
H2BC9,TRUE,FALSE,FALSE
H3-3A,TRUE,FALSE,FALSE
H3C1,TRUE,FALSE,FALSE
H3C10,TRUE,FALSE,FALSE
H3C11,TRUE,FALSE,FALSE
H3C12,TRUE,FALSE,FALSE
H3C14,TRUE,FALSE,FALSE
H3C15,TRUE,FALSE,FALSE
H3C2,TRUE,TRUE,TRUE
H3C7,TRUE,FALSE,FALSE
H3C8,TRUE,FALSE,FALSE
H3Y2,TRUE,FALSE,FALSE
H4C11,TRUE,FALSE,FALSE
H4C14,TRUE,FALSE,FALSE
H4C2,TRUE,FALSE,FALSE
H4C3,TRUE,FALSE,FALSE
H4C8,TRUE,FALSE,FALSE
H4C9,TRUE,FALSE,FALSE
HADHA,TRUE,FALSE,FALSE
HADHB,TRUE,FALSE,FALSE
HAL,TRUE,FALSE,FALSE
HAPLN3,TRUE,FALSE,FALSE
HAUS6,TRUE,FALSE,FALSE
HAX1,TRUE,FALSE,FALSE
HBEGF,TRUE,TRUE,TRUE
HBS1L,TRUE,FALSE,FALSE
HCAR2,TRUE,FALSE,FALSE
HCAR3,TRUE,FALSE,FALSE
HCCS,TRUE,FALSE,FALSE
HCFC1R1,TRUE,FALSE,FALSE
HDAC9,TRUE,FALSE,FALSE
HDC,TRUE,FALSE,FALSE
HDGF,TRUE,FALSE,FALSE
HDHD5,TRUE,FALSE,FALSE
HDX,TRUE,FALSE,FALSE
HEATR4,TRUE,FALSE,FALSE
HEATR9,TRUE,FALSE,FALSE
HECTD4,TRUE,FALSE,FALSE
HEG1,TRUE,FALSE,FALSE
HENMT1,TRUE,FALSE,FALSE
HERC5,TRUE,FALSE,FALSE
HERC6,TRUE,FALSE,FALSE
HES4,TRUE,FALSE,FALSE
HEXD,TRUE,FALSE,FALSE
HFE,TRUE,FALSE,FALSE
HGF,TRUE,FALSE,FALSE
HHAT,TRUE,FALSE,FALSE
HHATL,TRUE,FALSE,FALSE
HIC1,TRUE,FALSE,FALSE
HIC2,TRUE,FALSE,FALSE
HIF1A,TRUE,TRUE,TRUE
HIGD1A,TRUE,FALSE,FALSE
HIP1,TRUE,FALSE,FALSE
HIP1R,TRUE,FALSE,FALSE
HIPK2,TRUE,FALSE,FALSE
HIVEP3,TRUE,FALSE,FALSE
HK1,TRUE,FALSE,FALSE
HK3,TRUE,FALSE,FALSE
HLA-DMA,TRUE,FALSE,FALSE
HLA-DMB,TRUE,FALSE,FALSE
HLA-DOA,TRUE,FALSE,FALSE
HLA-DPB1,TRUE,FALSE,FALSE
HLA-DRA,TRUE,FALSE,FALSE
HLA-F,TRUE,FALSE,FALSE
HMCN1,TRUE,FALSE,FALSE
HMGB1,TRUE,FALSE,FALSE
HMGB2,TRUE,FALSE,FALSE
HMGN1,TRUE,FALSE,FALSE
HMGN2,TRUE,FALSE,FALSE
HMGXB4,TRUE,FALSE,FALSE
HMMR,TRUE,FALSE,FALSE
HNRNPA1P48,TRUE,FALSE,FALSE
HNRNPA2B1,TRUE,FALSE,FALSE
HNRNPH2,TRUE,FALSE,FALSE
HNRNPLL,TRUE,FALSE,FALSE
HNRNPM,TRUE,FALSE,FALSE
HOGA1,TRUE,FALSE,FALSE
HOMER2,TRUE,FALSE,FALSE
HOOK3,TRUE,FALSE,FALSE
HOXA4,TRUE,FALSE,FALSE
HOXB2,TRUE,FALSE,FALSE
HOXB3,TRUE,FALSE,FALSE
HOXD3,TRUE,FALSE,FALSE
HP,TRUE,FALSE,FALSE
HP1BP3,TRUE,FALSE,FALSE
HPCAL4,TRUE,FALSE,FALSE
HPGD,TRUE,FALSE,FALSE
HPRT1,TRUE,FALSE,FALSE
HPS1,TRUE,FALSE,FALSE
HPSE,TRUE,FALSE,FALSE
HR,TRUE,FALSE,FALSE
HRCT1,TRUE,FALSE,FALSE
HRK,TRUE,FALSE,FALSE
HS3ST1,TRUE,FALSE,FALSE
HSBP1,TRUE,FALSE,FALSE
HSD11B1L,TRUE,FALSE,FALSE
HSD17B12,TRUE,FALSE,FALSE
HSD17B2,TRUE,FALSE,FALSE
HSD3B7,TRUE,FALSE,FALSE
HSDL2,TRUE,FALSE,FALSE
HSFY1,TRUE,FALSE,FALSE
HSH2D,TRUE,FALSE,FALSE
HSP90AA1,TRUE,FALSE,FALSE
HSPA13,TRUE,FALSE,FALSE
HSPA1B,TRUE,FALSE,FALSE
HSPB6,TRUE,FALSE,FALSE
HTR7,TRUE,FALSE,FALSE
HUNK,TRUE,FALSE,FALSE
HUS1B,TRUE,FALSE,FALSE
HVCN1,TRUE,TRUE,TRUE
HYAL3,TRUE,FALSE,FALSE
HYAL4,TRUE,FALSE,FALSE
IARS2,TRUE,FALSE,FALSE
ICA1,TRUE,FALSE,FALSE
ICAM2,TRUE,FALSE,FALSE
ICOSLG,TRUE,FALSE,FALSE
IDH3A,TRUE,FALSE,FALSE
IDI1,TRUE,FALSE,FALSE
IDO2,TRUE,FALSE,FALSE
IDUA,TRUE,FALSE,FALSE
IER3,TRUE,TRUE,TRUE
IFFO1,TRUE,FALSE,FALSE
IFFO2,TRUE,FALSE,FALSE
IFI44L,TRUE,FALSE,FALSE
IFIT1,TRUE,FALSE,FALSE
IFIT2,TRUE,FALSE,FALSE
IFIT3,TRUE,FALSE,FALSE
IFITM10,TRUE,FALSE,FALSE
IFITM5,TRUE,FALSE,FALSE
IFNAR1,TRUE,FALSE,FALSE
IFNG,TRUE,FALSE,FALSE
IFNGR1,TRUE,FALSE,FALSE
IFT140,TRUE,FALSE,FALSE
IFT20,TRUE,FALSE,FALSE
IFT57,TRUE,FALSE,FALSE
IFT80,TRUE,FALSE,FALSE
IFT81,TRUE,FALSE,FALSE
IGFBP3,TRUE,FALSE,FALSE
IGSF8,TRUE,FALSE,FALSE
IGSF9B,TRUE,FALSE,FALSE
IKZF4,TRUE,FALSE,FALSE
IL10RB,TRUE,FALSE,FALSE
IL11RA,TRUE,FALSE,FALSE
IL12RB1,TRUE,FALSE,FALSE
IL17RE,TRUE,FALSE,FALSE
IL18BP,TRUE,FALSE,FALSE
IL18R1,TRUE,FALSE,FALSE
IL18RAP,TRUE,FALSE,FALSE
IL19,TRUE,FALSE,FALSE
IL1B,TRUE,FALSE,FALSE
IL1R2,TRUE,FALSE,FALSE
IL1RAP,TRUE,FALSE,FALSE
IL23A,TRUE,FALSE,FALSE
IL27RA,TRUE,FALSE,FALSE
IL2RB,TRUE,FALSE,FALSE
IL32,TRUE,FALSE,FALSE
IL7R,TRUE,FALSE,FALSE
ILDR1,TRUE,FALSE,FALSE
ILK,TRUE,FALSE,FALSE
IMP3,TRUE,FALSE,FALSE
INAFM2,TRUE,FALSE,FALSE
INHBA,TRUE,FALSE,FALSE
INO80E,TRUE,FALSE,FALSE
INPP1,TRUE,FALSE,FALSE
INPP4B,TRUE,FALSE,FALSE
INSIG2,TRUE,FALSE,FALSE
INTS12,TRUE,FALSE,FALSE
INTS6,TRUE,FALSE,FALSE
IPO4,TRUE,FALSE,FALSE
IPPK,TRUE,FALSE,FALSE
IQCF5,TRUE,FALSE,FALSE
IRAK2,FALSE,FALSE,TRUE
IRAK3,TRUE,FALSE,FALSE
IRX4,TRUE,FALSE,FALSE
ISY1,TRUE,FALSE,FALSE
ISY1-RAB43,TRUE,FALSE,FALSE
ITCH,TRUE,FALSE,FALSE
ITFG2,TRUE,FALSE,FALSE
ITGA5,TRUE,FALSE,FALSE
ITGA7,TRUE,FALSE,FALSE
ITGAD,TRUE,FALSE,FALSE
ITGAL,TRUE,FALSE,FALSE
ITGAM,TRUE,FALSE,FALSE
ITGB7,TRUE,FALSE,FALSE
ITK,TRUE,FALSE,FALSE
ITPKB,TRUE,FALSE,FALSE
ITPR3,TRUE,FALSE,FALSE
ITPRID1,TRUE,FALSE,FALSE
IVNS1ABP,TRUE,FALSE,FALSE
IZUMO2,TRUE,FALSE,FALSE
JADE2,TRUE,FALSE,FALSE
JAKMIP1,TRUE,FALSE,FALSE
JAM2,TRUE,FALSE,FALSE
JDP2,TRUE,FALSE,FALSE
JKAMP,TRUE,FALSE,FALSE
JMJD4,TRUE,FALSE,FALSE
JMJD6,TRUE,FALSE,FALSE
JMJD7-PLA2G4B,TRUE,FALSE,FALSE
JOSD1,TRUE,FALSE,FALSE
JPH3,TRUE,FALSE,FALSE
KAT14,TRUE,FALSE,FALSE
KAT2A,TRUE,FALSE,FALSE
KBTBD6,TRUE,FALSE,FALSE
KBTBD7,TRUE,FALSE,FALSE
KCMF1,TRUE,FALSE,FALSE
KCNA4,TRUE,FALSE,FALSE
KCNC3,TRUE,FALSE,FALSE
KCNE1,TRUE,FALSE,FALSE
KCNG1,TRUE,FALSE,FALSE
KCNG4,TRUE,FALSE,FALSE
KCNH8,TRUE,FALSE,FALSE
KCNIP2,TRUE,FALSE,FALSE
KCNJ10,TRUE,FALSE,FALSE
KCNJ9,TRUE,FALSE,FALSE
KCNK12,TRUE,FALSE,FALSE
KCNK17,TRUE,FALSE,FALSE
KCNMB1,TRUE,FALSE,FALSE
KCNMB4,TRUE,FALSE,FALSE
KCNQ1,TRUE,FALSE,FALSE
KCNS1,TRUE,FALSE,FALSE
KCTD13,TRUE,FALSE,FALSE
KCTD17,TRUE,FALSE,FALSE
KCTD4,TRUE,FALSE,FALSE
KCTD9,TRUE,FALSE,FALSE
KDELR2,TRUE,FALSE,FALSE
KDM2B,TRUE,FALSE,FALSE
KDM6A,TRUE,FALSE,FALSE
KIAA0100,TRUE,FALSE,FALSE
KIAA0319,TRUE,FALSE,FALSE
KIAA0408,TRUE,FALSE,FALSE
KIAA0895,TRUE,FALSE,FALSE
KIAA1109,TRUE,FALSE,FALSE
KIAA1143,TRUE,FALSE,FALSE
KIAA1257,TRUE,FALSE,FALSE
KIAA1671,TRUE,FALSE,FALSE
KIF11,TRUE,FALSE,FALSE
KIF14,TRUE,FALSE,FALSE
KIF15,TRUE,FALSE,FALSE
KIF1B,TRUE,FALSE,FALSE
KIF24,TRUE,TRUE,TRUE
KIF3A,TRUE,FALSE,FALSE
KIF4A,TRUE,FALSE,FALSE
KIF5B,TRUE,FALSE,FALSE
KIF5C,TRUE,FALSE,FALSE
KIZ,FALSE,FALSE,TRUE
KL,TRUE,TRUE,TRUE
KLF11,TRUE,FALSE,FALSE
KLF12,TRUE,FALSE,FALSE
KLF14,TRUE,FALSE,FALSE
KLF4,TRUE,FALSE,FALSE
KLF5,TRUE,FALSE,FALSE
KLF7,TRUE,FALSE,FALSE
KLF9,TRUE,FALSE,FALSE
KLHDC1,TRUE,FALSE,FALSE
KLHDC3,TRUE,FALSE,FALSE
KLHDC7B,TRUE,FALSE,FALSE
KLHL15,TRUE,FALSE,FALSE
KLHL2,TRUE,FALSE,FALSE
KLHL25,TRUE,FALSE,FALSE
KLHL26,TRUE,FALSE,FALSE
KLHL29,TRUE,FALSE,FALSE
KLHL35,TRUE,FALSE,FALSE
KLHL8,TRUE,FALSE,FALSE
KLHL9,TRUE,FALSE,FALSE
KLK14,TRUE,FALSE,FALSE
KLKB1,TRUE,FALSE,FALSE
KLRD1,TRUE,FALSE,FALSE
KLRG1,TRUE,FALSE,FALSE
KLRK1,TRUE,FALSE,FALSE
KMT5A,TRUE,FALSE,FALSE
KMT5C,TRUE,FALSE,FALSE
KNL1,TRUE,FALSE,FALSE
KNOP1,TRUE,FALSE,FALSE
KPNA2,TRUE,FALSE,FALSE
KPNA3,TRUE,FALSE,FALSE
KPNA4,TRUE,FALSE,FALSE
KRAS,TRUE,FALSE,FALSE
KRBA1,TRUE,FALSE,FALSE
KRT18,TRUE,FALSE,FALSE
KRT19,TRUE,FALSE,FALSE
KRT23,TRUE,FALSE,FALSE
KRT72,TRUE,FALSE,FALSE
KRT73,TRUE,FALSE,FALSE
KRT82,TRUE,FALSE,FALSE
KRTAP10-2,TRUE,FALSE,FALSE
KRTAP10-8,TRUE,FALSE,FALSE
KRTAP10-9,TRUE,FALSE,FALSE
KRTAP5-2,TRUE,FALSE,FALSE
KRTAP5-5,TRUE,FALSE,FALSE
KY,TRUE,FALSE,FALSE
KYAT3,TRUE,FALSE,FALSE
LACTB,TRUE,FALSE,FALSE
LAD1,TRUE,FALSE,FALSE
LAMA1,TRUE,FALSE,FALSE
LAMA2,TRUE,FALSE,FALSE
LAMP3,TRUE,FALSE,FALSE
LAMTOR1,TRUE,FALSE,FALSE
LAMTOR3,TRUE,FALSE,FALSE
LAMTOR5,TRUE,FALSE,FALSE
LARGE2,TRUE,FALSE,FALSE
LARP4,TRUE,FALSE,FALSE
LARP4B,TRUE,FALSE,FALSE
LARS2,TRUE,FALSE,FALSE
LATS2,TRUE,FALSE,FALSE
LBR,TRUE,FALSE,FALSE
LCE4A,TRUE,FALSE,FALSE
LCK,TRUE,FALSE,FALSE
LCN2,TRUE,FALSE,FALSE
LCNL1,TRUE,FALSE,FALSE
LCP1,TRUE,FALSE,FALSE
LDHA,TRUE,FALSE,FALSE
LDLR,TRUE,FALSE,FALSE
LEF1,TRUE,FALSE,FALSE
LELP1,TRUE,FALSE,FALSE
LEPR,TRUE,FALSE,FALSE
LETM1,TRUE,FALSE,FALSE
LEUTX,TRUE,FALSE,FALSE
LFNG,TRUE,FALSE,FALSE
LGALS1,TRUE,FALSE,FALSE
LGALS12,TRUE,FALSE,FALSE
LGALS2,FALSE,FALSE,TRUE
LGALS3,TRUE,FALSE,FALSE
LGALS3BP,TRUE,FALSE,FALSE
LGALS8,TRUE,FALSE,FALSE
LGR4,TRUE,FALSE,FALSE
LIG3,TRUE,FALSE,FALSE
LIG4,TRUE,FALSE,FALSE
LILRA1,TRUE,FALSE,FALSE
LILRA5,TRUE,FALSE,FALSE
LIMD1,TRUE,FALSE,FALSE
LIME1,TRUE,FALSE,FALSE
LIMS1,TRUE,FALSE,FALSE
LIN54,TRUE,FALSE,FALSE
LIN7C,TRUE,FALSE,FALSE
LINC01862,TRUE,FALSE,FALSE
LINC02210-CRHR1,TRUE,FALSE,FALSE
LINC02218,TRUE,FALSE,FALSE
LINS1,TRUE,FALSE,FALSE
LIPA,TRUE,FALSE,FALSE
LIPN,TRUE,FALSE,FALSE
LIPT2,TRUE,FALSE,FALSE
LIX1,TRUE,FALSE,FALSE
LLCFC1,TRUE,FALSE,FALSE
LLGL1,TRUE,FALSE,FALSE
LMBR1,TRUE,FALSE,FALSE
LMF1,TRUE,FALSE,FALSE
LMO1,TRUE,FALSE,FALSE
LNPK,TRUE,FALSE,FALSE
LONRF3,TRUE,FALSE,FALSE
LPCAT4,TRUE,FALSE,FALSE
LPGAT1,TRUE,FALSE,FALSE
LPIN1,TRUE,FALSE,FALSE
LPL,TRUE,FALSE,FALSE
LRATD2,TRUE,FALSE,FALSE
LRCH3,TRUE,FALSE,FALSE
LRG1,TRUE,FALSE,FALSE
LRGUK,TRUE,FALSE,FALSE
LRIF1,TRUE,FALSE,FALSE
LRR1,TRUE,FALSE,FALSE
LRRC32,TRUE,FALSE,FALSE
LRRC40,TRUE,FALSE,FALSE
LRRC71,TRUE,FALSE,FALSE
LRRC75A,TRUE,FALSE,FALSE
LRRC75B,TRUE,FALSE,FALSE
LRRC8B,TRUE,FALSE,FALSE
LRRC8E,TRUE,FALSE,FALSE
LRRFIP2,TRUE,FALSE,FALSE
LRRN1,TRUE,FALSE,FALSE
LRRN2,TRUE,FALSE,FALSE
LRTM2,TRUE,FALSE,FALSE
LSM1,TRUE,FALSE,FALSE
LSM11,TRUE,FALSE,FALSE
LSM12,TRUE,FALSE,FALSE
LSM4,TRUE,FALSE,FALSE
LSMEM2,TRUE,FALSE,FALSE
LTA,TRUE,FALSE,FALSE
LTBP1,TRUE,FALSE,FALSE
LTBP3,TRUE,FALSE,FALSE
LTBR,TRUE,FALSE,FALSE
LTF,TRUE,FALSE,FALSE
LTO1,TRUE,FALSE,FALSE
LY6E,TRUE,FALSE,FALSE
LY86,TRUE,TRUE,TRUE
LY9,TRUE,FALSE,FALSE
LYG2,TRUE,FALSE,FALSE
LYPD1,TRUE,FALSE,FALSE
LYPD3,TRUE,FALSE,FALSE
LYPLA1,TRUE,FALSE,FALSE
LYRM1,TRUE,FALSE,FALSE
LYSMD2,TRUE,FALSE,FALSE
LYSMD3,TRUE,FALSE,FALSE
LYZL4,TRUE,FALSE,FALSE
LZIC,TRUE,FALSE,FALSE
LZTS1,TRUE,FALSE,FALSE
MAB21L3,TRUE,FALSE,FALSE
MACO1,TRUE,FALSE,FALSE
MAD2L2,TRUE,FALSE,FALSE
MAF1,TRUE,FALSE,FALSE
MAFG,TRUE,FALSE,FALSE
MAGEE1,TRUE,FALSE,FALSE
MAGEF1,TRUE,FALSE,FALSE
MAGIX,TRUE,FALSE,FALSE
MAGT1,TRUE,FALSE,FALSE
MAMDC4,TRUE,FALSE,FALSE
MAML2,TRUE,FALSE,FALSE
MAN1A1,TRUE,FALSE,FALSE
MAN1C1,TRUE,FALSE,FALSE
MAP1LC3B,TRUE,FALSE,FALSE
MAP1LC3B2,TRUE,FALSE,FALSE
MAP2K1,TRUE,FALSE,FALSE
MAP2K2,TRUE,FALSE,FALSE
MAP2K6,TRUE,FALSE,FALSE
MAP3K13,TRUE,FALSE,FALSE
MAP3K14,TRUE,FALSE,FALSE
MAP3K7,TRUE,FALSE,FALSE
MAP3K8,TRUE,FALSE,FALSE
MAP4K1,TRUE,FALSE,FALSE
MAPK11,TRUE,FALSE,FALSE
MAPK14,TRUE,FALSE,FALSE
MAPK1IP1L,TRUE,FALSE,FALSE
MAPKAPK2,TRUE,FALSE,FALSE
MAPRE1,TRUE,FALSE,FALSE
MARCHF2,TRUE,FALSE,FALSE
MARCHF6,TRUE,FALSE,FALSE
MARCKS,TRUE,FALSE,FALSE
MARK3,TRUE,FALSE,FALSE
MARS2,TRUE,FALSE,FALSE
MARVELD2,TRUE,FALSE,FALSE
MASP2,TRUE,FALSE,FALSE
MAST2,TRUE,FALSE,FALSE
MAT2B,TRUE,FALSE,FALSE
MATN1,TRUE,FALSE,FALSE
MATN2,TRUE,FALSE,FALSE
MAZ,TRUE,FALSE,FALSE
MB21D2,TRUE,FALSE,FALSE
MBLAC1,TRUE,FALSE,FALSE
MBLAC2,TRUE,FALSE,FALSE
MBOAT2,TRUE,FALSE,FALSE
MBOAT4,TRUE,FALSE,FALSE
MC1R,TRUE,FALSE,FALSE
MCEMP1,TRUE,FALSE,FALSE
MCF2L2,FALSE,FALSE,TRUE
MCM6,TRUE,FALSE,FALSE
MCRIP2,TRUE,FALSE,FALSE
MCTP2,TRUE,FALSE,FALSE
MCU,TRUE,FALSE,FALSE
MCUB,TRUE,FALSE,FALSE
MDFIC,TRUE,FALSE,FALSE
MDH1B,TRUE,FALSE,FALSE
ME2,TRUE,FALSE,FALSE
MEA1,TRUE,FALSE,FALSE
MECR,TRUE,FALSE,FALSE
MED4,TRUE,FALSE,FALSE
MEF2A,TRUE,FALSE,FALSE
MEGF6,TRUE,FALSE,FALSE
MEGF9,TRUE,FALSE,FALSE
MEMO1,TRUE,FALSE,FALSE
MEN1,TRUE,FALSE,FALSE
MERTK,TRUE,FALSE,FALSE
MET,TRUE,FALSE,FALSE
METAP1D,TRUE,FALSE,FALSE
METRN,TRUE,FALSE,FALSE
METTL16,TRUE,FALSE,FALSE
METTL7A,TRUE,FALSE,FALSE
METTL7B,TRUE,FALSE,FALSE
METTL9,TRUE,FALSE,FALSE
MFF,TRUE,FALSE,FALSE
MFNG,TRUE,FALSE,FALSE
MFSD1,TRUE,FALSE,FALSE
MFSD10,TRUE,FALSE,FALSE
MFSD14A,TRUE,FALSE,FALSE
MFSD14B,TRUE,FALSE,FALSE
MFSD4A,TRUE,FALSE,FALSE
MFSD6,TRUE,FALSE,FALSE
MFSD6L,TRUE,FALSE,FALSE
MGAT4A,TRUE,FALSE,FALSE
MGME1,TRUE,FALSE,FALSE
MGMT,TRUE,FALSE,FALSE
MGST2,TRUE,FALSE,FALSE
MIB1,TRUE,FALSE,FALSE
MIB2,TRUE,FALSE,FALSE
MICOS10-NBL1,TRUE,FALSE,FALSE
MID1,TRUE,FALSE,FALSE
MID2,TRUE,FALSE,FALSE
MINAR2,TRUE,FALSE,FALSE
MINDY3,TRUE,FALSE,FALSE
MIOS,TRUE,FALSE,FALSE
MIOX,TRUE,FALSE,FALSE
MIPEP,TRUE,FALSE,FALSE
MISP3,TRUE,FALSE,FALSE
MKI67,TRUE,FALSE,FALSE
MLF2,TRUE,FALSE,FALSE
MLLT6,TRUE,FALSE,FALSE
MLN,TRUE,FALSE,FALSE
MLX,TRUE,FALSE,FALSE
MLYCD,TRUE,FALSE,FALSE
MMAB,TRUE,FALSE,FALSE
MMADHC,TRUE,FALSE,FALSE
MMGT1,TRUE,FALSE,FALSE
MMP17,TRUE,FALSE,FALSE
MMP21,TRUE,FALSE,FALSE
MMP23B,TRUE,FALSE,FALSE
MMP8,TRUE,TRUE,TRUE
MMP9,TRUE,FALSE,FALSE
MMRN1,TRUE,FALSE,FALSE
MMUT,TRUE,FALSE,FALSE
MOAP1,TRUE,FALSE,FALSE
MOB3B,TRUE,FALSE,FALSE
MOB4,TRUE,FALSE,FALSE
MOCS3,TRUE,FALSE,FALSE
MOGAT3,TRUE,FALSE,FALSE
MON1A,TRUE,FALSE,FALSE
MORC3,TRUE,FALSE,FALSE
MORF4L1,TRUE,FALSE,FALSE
MORN5,TRUE,FALSE,FALSE
MOSPD1,TRUE,FALSE,FALSE
MOSPD3,TRUE,FALSE,FALSE
MPC1,TRUE,FALSE,FALSE
MPC2,TRUE,FALSE,FALSE
MPI,TRUE,FALSE,FALSE
MPO,TRUE,FALSE,FALSE
MPP1,TRUE,FALSE,FALSE
MPP3,TRUE,FALSE,FALSE
MPP4,TRUE,FALSE,FALSE
MPPED2,TRUE,FALSE,FALSE
MPRIP,TRUE,FALSE,FALSE
MPST,TRUE,FALSE,FALSE
MPZL3,TRUE,FALSE,FALSE
MRAS,TRUE,FALSE,FALSE
MRC1,TRUE,FALSE,FALSE
MRI1,TRUE,FALSE,FALSE
MRM1,TRUE,FALSE,FALSE
MRM3,TRUE,FALSE,FALSE
MRPL17,TRUE,FALSE,FALSE
MRPL18,TRUE,FALSE,FALSE
MRPL47,TRUE,FALSE,FALSE
MRPL51,TRUE,FALSE,FALSE
MRPS10,TRUE,FALSE,FALSE
MRPS12,TRUE,FALSE,FALSE
MRPS16,TRUE,FALSE,FALSE
MRPS17,TRUE,FALSE,FALSE
MRPS18B,TRUE,FALSE,FALSE
MRPS25,TRUE,FALSE,FALSE
MRPS26,TRUE,FALSE,FALSE
MRTFA,TRUE,FALSE,FALSE
MRTFB,TRUE,FALSE,FALSE
MRTO4,TRUE,FALSE,FALSE
MS4A3,TRUE,FALSE,FALSE
MS4A4A,TRUE,FALSE,FALSE
MSH3,TRUE,FALSE,FALSE
MSL3,TRUE,FALSE,FALSE
MSMO1,TRUE,FALSE,FALSE
MSRA,TRUE,FALSE,FALSE
MSRB1,TRUE,FALSE,FALSE
MST1,TRUE,FALSE,FALSE
MSX1,TRUE,FALSE,FALSE
MT-ATP6,TRUE,FALSE,FALSE
MT-CO1,TRUE,FALSE,FALSE
MT-CO2,TRUE,FALSE,FALSE
MT-CO3,TRUE,FALSE,FALSE
MT-ND1,TRUE,FALSE,FALSE
MT-ND4,TRUE,FALSE,FALSE
MT-ND4L,TRUE,FALSE,FALSE
MTA3,TRUE,FALSE,FALSE
MTAP,TRUE,FALSE,FALSE
MTDH,TRUE,FALSE,FALSE
MTERF3,TRUE,FALSE,FALSE
MTG1,TRUE,FALSE,FALSE
MTHFD1L,TRUE,FALSE,FALSE
MTHFD2,TRUE,FALSE,FALSE
MTMR6,TRUE,FALSE,FALSE
MTMR9,TRUE,FALSE,FALSE
MTNR1A,TRUE,FALSE,FALSE
MTPN,TRUE,FALSE,FALSE
MTRF1,TRUE,FALSE,FALSE
MTRNR2L11,TRUE,FALSE,FALSE
MTRNR2L4,TRUE,FALSE,FALSE
MTSS1,TRUE,FALSE,FALSE
MUTYH,TRUE,FALSE,FALSE
MVB12B,TRUE,FALSE,FALSE
MXRA7,TRUE,FALSE,FALSE
MXRA8,TRUE,FALSE,FALSE
MYB,TRUE,FALSE,FALSE
MYBBP1A,TRUE,FALSE,FALSE
MYBL2,TRUE,FALSE,FALSE
MYBPH,TRUE,FALSE,FALSE
MYCL,TRUE,FALSE,FALSE
MYEOV,TRUE,FALSE,FALSE
MYH11,TRUE,FALSE,FALSE
MYH3,TRUE,FALSE,FALSE
MYH7B,TRUE,FALSE,FALSE
MYL12A,TRUE,FALSE,FALSE
MYL12B,TRUE,FALSE,FALSE
MYL6,TRUE,FALSE,FALSE
MYNN,TRUE,FALSE,FALSE
MYO16,TRUE,FALSE,FALSE
MYO18A,TRUE,FALSE,FALSE
MYO3A,TRUE,FALSE,FALSE
MYOZ3,TRUE,FALSE,FALSE
MYRF,TRUE,FALSE,FALSE
MZT1,TRUE,FALSE,FALSE
MZT2B,TRUE,FALSE,FALSE
NAA40,TRUE,FALSE,FALSE
NAA50,TRUE,FALSE,FALSE
NAAA,TRUE,TRUE,TRUE
NAALADL1,TRUE,FALSE,FALSE
NAB2,TRUE,FALSE,FALSE
NACA,TRUE,FALSE,FALSE
NACC1,TRUE,FALSE,FALSE
NANOG,TRUE,FALSE,FALSE
NAP1L4,TRUE,FALSE,FALSE
NAPB,TRUE,FALSE,FALSE
NAPRT,TRUE,FALSE,FALSE
NARF,TRUE,FALSE,FALSE
NAXE,TRUE,FALSE,FALSE
NBPF15,TRUE,FALSE,FALSE
NBPF20,TRUE,FALSE,FALSE
NBPF6,TRUE,FALSE,FALSE
NBPF9,TRUE,FALSE,FALSE
NCAPD2,TRUE,FALSE,FALSE
NCAPG,TRUE,FALSE,FALSE
NCAPG2,TRUE,FALSE,FALSE
NCBP3,TRUE,FALSE,FALSE
NCOA7,TRUE,FALSE,FALSE
NCR3,TRUE,FALSE,FALSE
NDC80,TRUE,FALSE,FALSE
NDE1,TRUE,FALSE,FALSE
NDNF,TRUE,FALSE,FALSE
NDST2,TRUE,FALSE,FALSE
NDUFA1,TRUE,FALSE,FALSE
NDUFA4L2,TRUE,FALSE,FALSE
NDUFAF3,TRUE,FALSE,FALSE
NDUFAF7,TRUE,FALSE,FALSE
NDUFAF8,TRUE,FALSE,FALSE
NDUFB11,TRUE,FALSE,FALSE
NDUFB4,TRUE,FALSE,FALSE
NDUFB6,TRUE,FALSE,FALSE
NDUFB9,TRUE,FALSE,FALSE
NDUFC1,TRUE,FALSE,FALSE
NDUFC2,TRUE,FALSE,FALSE
NECAB1,TRUE,FALSE,FALSE
NECAB2,TRUE,FALSE,FALSE
NECAB3,TRUE,FALSE,FALSE
NECTIN2,TRUE,FALSE,FALSE
NECTIN3,TRUE,FALSE,FALSE
NEFL,TRUE,FALSE,FALSE
NEGR1,TRUE,FALSE,FALSE
NEIL3,TRUE,FALSE,FALSE
NELFA,TRUE,FALSE,FALSE
NELL2,TRUE,FALSE,FALSE
NEURL4,TRUE,FALSE,FALSE
NF1,TRUE,FALSE,FALSE
NF2,TRUE,FALSE,FALSE
NFATC2,TRUE,FALSE,FALSE
NFIL3,TRUE,FALSE,FALSE
NFKBID,FALSE,FALSE,TRUE
NFKBIE,TRUE,FALSE,FALSE
NHLRC1,TRUE,FALSE,FALSE
NHLRC3,TRUE,FALSE,FALSE
NHP2,TRUE,FALSE,FALSE
NHS,TRUE,FALSE,FALSE
NIPA2,TRUE,FALSE,FALSE
NISCH,TRUE,FALSE,FALSE
NIT2,TRUE,FALSE,FALSE
NKD1,TRUE,FALSE,FALSE
NKG7,TRUE,FALSE,FALSE
NLE1,TRUE,FALSE,FALSE
NLGN3,TRUE,FALSE,FALSE
NLK,TRUE,FALSE,FALSE
NLN,TRUE,FALSE,FALSE
NLRC4,TRUE,FALSE,FALSE
NME4,TRUE,FALSE,FALSE
NMT2,TRUE,FALSE,FALSE
NOB1,TRUE,FALSE,FALSE
NOC4L,TRUE,FALSE,FALSE
NOD1,TRUE,FALSE,FALSE
NODAL,TRUE,FALSE,FALSE
NOG,TRUE,FALSE,FALSE
NOL11,TRUE,FALSE,FALSE
NOL4L,TRUE,FALSE,FALSE
NOL6,TRUE,FALSE,FALSE
NOL7,TRUE,FALSE,FALSE
NOMO3,TRUE,FALSE,FALSE
NOP10,TRUE,FALSE,FALSE
NOP2,TRUE,FALSE,FALSE
NOP53,TRUE,FALSE,FALSE
NOSTRIN,TRUE,FALSE,FALSE
NOTUM,TRUE,FALSE,FALSE
NPAS1,TRUE,FALSE,FALSE
NPFFR1,TRUE,FALSE,FALSE
NPHP1,TRUE,FALSE,FALSE
NPR2,TRUE,FALSE,FALSE
NPR3,TRUE,FALSE,FALSE
NPTN,TRUE,FALSE,FALSE
NR1D1,TRUE,FALSE,FALSE
NR1D2,TRUE,FALSE,FALSE
NR1H4,TRUE,FALSE,FALSE
NR1I2,TRUE,FALSE,FALSE
NR1I3,TRUE,FALSE,FALSE
NR2C2AP,TRUE,FALSE,FALSE
NR3C2,TRUE,FALSE,FALSE
NRAS,TRUE,FALSE,FALSE
NRIP2,TRUE,FALSE,FALSE
NRN1L,TRUE,FALSE,FALSE
NRROS,TRUE,FALSE,FALSE
NSMCE2,TRUE,FALSE,FALSE
NSMF,TRUE,FALSE,FALSE
NSUN7,TRUE,FALSE,FALSE
NT5C1B,TRUE,FALSE,FALSE
NT5C3B,TRUE,FALSE,FALSE
NT5DC3,TRUE,FALSE,FALSE
NT5DC4,TRUE,FALSE,FALSE
NTHL1,TRUE,FALSE,FALSE
NTMT1,TRUE,FALSE,FALSE
NTN3,TRUE,FALSE,FALSE
NTRK1,TRUE,FALSE,FALSE
NUDT10,TRUE,FALSE,FALSE
NUDT12,TRUE,FALSE,FALSE
NUDT14,TRUE,FALSE,FALSE
NUDT15,TRUE,FALSE,FALSE
NUDT19,TRUE,FALSE,FALSE
NUDT2,TRUE,FALSE,FALSE
NUDT4,TRUE,FALSE,FALSE
NUDT7,TRUE,FALSE,FALSE
NUP160,TRUE,FALSE,FALSE
NUP58,TRUE,FALSE,FALSE
NUPR1,TRUE,FALSE,FALSE
NUSAP1,TRUE,FALSE,FALSE
NVL,TRUE,FALSE,FALSE
NXPH3,TRUE,FALSE,FALSE
NXT2,TRUE,FALSE,FALSE
OAF,TRUE,FALSE,FALSE
OAS1,TRUE,FALSE,FALSE
OAS2,TRUE,FALSE,FALSE
OAS3,TRUE,FALSE,FALSE
OASL,TRUE,FALSE,FALSE
OAT,TRUE,FALSE,FALSE
OAZ1,TRUE,FALSE,FALSE
OBSCN,TRUE,FALSE,FALSE
OCRL,TRUE,FALSE,FALSE
ODF3B,TRUE,FALSE,FALSE
OLFM2,TRUE,FALSE,FALSE
OLFM4,TRUE,TRUE,TRUE
OLFML1,TRUE,FALSE,FALSE
OLR1,FALSE,FALSE,TRUE
OMG,TRUE,FALSE,FALSE
OOSP3,TRUE,FALSE,FALSE
OPA1,TRUE,FALSE,FALSE
OPLAH,TRUE,FALSE,FALSE
OPRD1,TRUE,FALSE,FALSE
OR10S1,TRUE,FALSE,FALSE
OR1K1,TRUE,FALSE,FALSE
OR1M1,TRUE,FALSE,FALSE
OR1N1,TRUE,FALSE,FALSE
OR2C3,TRUE,FALSE,FALSE
OR2I1P,TRUE,FALSE,FALSE
OR2L8,TRUE,FALSE,FALSE
OR2T29,TRUE,FALSE,FALSE
OR2T3,TRUE,FALSE,FALSE
OR2T33,TRUE,FALSE,FALSE
OR3A2,TRUE,FALSE,FALSE
OR3A3,TRUE,FALSE,FALSE
OR52A1,TRUE,FALSE,FALSE
OR7D4,TRUE,FALSE,FALSE
OR7G2,TRUE,FALSE,FALSE
OR9A2,TRUE,FALSE,FALSE
ORM2,TRUE,FALSE,FALSE
OSBPL5,TRUE,FALSE,FALSE
OSBPL9,TRUE,FALSE,FALSE
OSCAR,TRUE,FALSE,FALSE
OSGIN1,TRUE,FALSE,FALSE
OSM,TRUE,TRUE,TRUE
OSR1,TRUE,FALSE,FALSE
OST4,TRUE,FALSE,FALSE
OSTF1,TRUE,FALSE,FALSE
OTOP3,TRUE,FALSE,FALSE
OTUD1,TRUE,FALSE,FALSE
OTULINL,TRUE,FALSE,FALSE
OVCH2,TRUE,FALSE,FALSE
OVOL1,TRUE,FALSE,FALSE
OXGR1,TRUE,FALSE,FALSE
OXNAD1,TRUE,FALSE,FALSE
OXSR1,TRUE,FALSE,FALSE
OXT,TRUE,FALSE,FALSE
P2RX1,TRUE,FALSE,FALSE
P2RX4,TRUE,FALSE,FALSE
P2RX7,TRUE,FALSE,FALSE
P2RY1,TRUE,FALSE,FALSE
P2RY11,TRUE,FALSE,FALSE
P2RY4,TRUE,FALSE,FALSE
P3H3,TRUE,FALSE,FALSE
P4HA1,TRUE,FALSE,FALSE
P4HB,TRUE,FALSE,FALSE
P4HTM,TRUE,FALSE,FALSE
PABPC1,TRUE,FALSE,FALSE
PABPC4,TRUE,FALSE,FALSE
PABPN1L,TRUE,FALSE,FALSE
PACS1,TRUE,FALSE,FALSE
PADI4,TRUE,FALSE,FALSE
PAFAH2,TRUE,FALSE,FALSE
PAG1,TRUE,FALSE,FALSE
PAIP2,TRUE,FALSE,FALSE
PANK1,TRUE,FALSE,FALSE
PANK3,TRUE,FALSE,FALSE
PANK4,TRUE,FALSE,FALSE
PAPSS1,TRUE,FALSE,FALSE
PAQR8,TRUE,FALSE,FALSE
PARP16,TRUE,FALSE,FALSE
PARP3,TRUE,FALSE,FALSE
PATE2,TRUE,FALSE,FALSE
PATL2,TRUE,FALSE,FALSE
PATZ1,TRUE,FALSE,FALSE
PAX1,TRUE,FALSE,FALSE
PBK,TRUE,FALSE,FALSE
PBX4,TRUE,FALSE,FALSE
PCBP1,TRUE,FALSE,FALSE
PCBP2,TRUE,FALSE,FALSE
PCDH12,TRUE,FALSE,FALSE
PCDHA5,TRUE,FALSE,FALSE
PCDHGA10,TRUE,FALSE,FALSE
PCDHGA6,TRUE,FALSE,FALSE
PCDHGB2,TRUE,FALSE,FALSE
PCDHGB3,TRUE,FALSE,FALSE
PCED1A,TRUE,FALSE,FALSE
PCED1B,TRUE,FALSE,FALSE
PCGF3,TRUE,FALSE,FALSE
PCMT1,TRUE,FALSE,FALSE
PCMTD1,TRUE,FALSE,FALSE
PCNP,TRUE,FALSE,FALSE
PCNX2,TRUE,FALSE,FALSE
PCOLCE2,TRUE,FALSE,FALSE
PCSK7,TRUE,FALSE,FALSE
PCSK9,TRUE,FALSE,FALSE
PCYOX1L,TRUE,FALSE,FALSE
PCYT1A,TRUE,FALSE,FALSE
PCYT2,TRUE,FALSE,FALSE
PDCD10,TRUE,FALSE,FALSE
PDCD1LG2,TRUE,FALSE,FALSE
PDE2A,TRUE,FALSE,FALSE
PDE4D,TRUE,FALSE,FALSE
PDE4DIP,TRUE,FALSE,FALSE
PDE5A,TRUE,FALSE,FALSE
PDE6H,TRUE,FALSE,FALSE
PDGFB,TRUE,FALSE,FALSE
PDGFC,TRUE,FALSE,FALSE
PDK4,TRUE,FALSE,FALSE
PDLIM1,TRUE,FALSE,FALSE
PDLIM2,TRUE,FALSE,FALSE
PDLIM3,TRUE,FALSE,FALSE
PDSS1,TRUE,FALSE,FALSE
PDXDC1,TRUE,FALSE,FALSE
PDZD4,TRUE,FALSE,FALSE
PDZD8,TRUE,FALSE,FALSE
PEAK1,TRUE,FALSE,FALSE
PECR,TRUE,FALSE,FALSE
PEF1,TRUE,FALSE,FALSE
PEMT,TRUE,FALSE,FALSE
PEPD,TRUE,FALSE,FALSE
PER1,TRUE,FALSE,FALSE
PER3,TRUE,FALSE,FALSE
PEX2,TRUE,FALSE,FALSE
PFDN1,TRUE,FALSE,FALSE
PFDN5,TRUE,FALSE,FALSE
PFKFB2,TRUE,FALSE,FALSE
PFN1,TRUE,FALSE,FALSE
PGAM1,TRUE,FALSE,FALSE
PGAM4,TRUE,FALSE,FALSE
PGBD2,TRUE,FALSE,FALSE
PGD,TRUE,FALSE,FALSE
PGGHG,TRUE,FALSE,FALSE
PGK1,TRUE,FALSE,FALSE
PGLYRP1,TRUE,FALSE,FALSE
PGM2,TRUE,FALSE,FALSE
PGM2L1,TRUE,FALSE,FALSE
PGPEP1,TRUE,FALSE,FALSE
PGRMC1,TRUE,FALSE,FALSE
PHACTR2,TRUE,FALSE,FALSE
PHACTR4,TRUE,FALSE,FALSE
PHC3,TRUE,FALSE,FALSE
PHETA1,TRUE,FALSE,FALSE
PHF20L1,TRUE,FALSE,FALSE
PHKB,TRUE,FALSE,FALSE
PHLDB3,TRUE,FALSE,FALSE
PHLPP2,TRUE,FALSE,FALSE
PHYH,TRUE,FALSE,FALSE
PHYHD1,TRUE,FALSE,FALSE
PI16,TRUE,FALSE,FALSE
PIEZO1,TRUE,FALSE,FALSE
PIGK,TRUE,FALSE,FALSE
PIGL,TRUE,FALSE,FALSE
PIGM,TRUE,FALSE,FALSE
PIH1D2,TRUE,FALSE,FALSE
PIK3C3,TRUE,FALSE,FALSE
PIK3CA,TRUE,FALSE,FALSE
PIK3CB,TRUE,FALSE,FALSE
PIK3R6,TRUE,FALSE,FALSE
PIM1,TRUE,FALSE,FALSE
PIM3,TRUE,FALSE,FALSE
PINX1,TRUE,FALSE,FALSE
PIP,TRUE,FALSE,FALSE
PIWIL4,TRUE,FALSE,FALSE
PJA2,TRUE,FALSE,FALSE
PKM,TRUE,FALSE,FALSE
PLA2G4B,TRUE,FALSE,FALSE
PLA2R1,TRUE,FALSE,FALSE
PLAA,TRUE,FALSE,FALSE
PLAAT1,TRUE,FALSE,FALSE
PLAAT3,TRUE,FALSE,FALSE
PLAAT4,TRUE,FALSE,FALSE
PLAC8,TRUE,FALSE,FALSE
PLBD1,TRUE,FALSE,FALSE
PLCG1,TRUE,FALSE,FALSE
PLCH2,TRUE,FALSE,FALSE
PLCXD3,TRUE,FALSE,FALSE
PLD1,TRUE,FALSE,FALSE
PLEKHA5,TRUE,FALSE,FALSE
PLEKHB1,TRUE,FALSE,FALSE
PLEKHB2,TRUE,FALSE,FALSE
PLEKHD1,TRUE,FALSE,FALSE
PLEKHF1,TRUE,FALSE,FALSE
PLEKHF2,TRUE,FALSE,FALSE
PLEKHG6,TRUE,FALSE,FALSE
PLEKHO1,TRUE,FALSE,FALSE
PLIN2,TRUE,FALSE,FALSE
PLK1,TRUE,FALSE,FALSE
PLK3,TRUE,TRUE,TRUE
PLK4,TRUE,FALSE,FALSE
PLP2,TRUE,FALSE,FALSE
PLPBP,TRUE,FALSE,FALSE
PLSCR1,TRUE,FALSE,FALSE
PLSCR4,TRUE,FALSE,FALSE
PLTP,TRUE,FALSE,FALSE
PLXDC1,TRUE,FALSE,FALSE
PLXNA1,TRUE,FALSE,FALSE
PLXNA2,TRUE,FALSE,FALSE
PLXNB2,TRUE,FALSE,FALSE
PMEL,TRUE,FALSE,FALSE
PMVK,TRUE,FALSE,FALSE
PNMA3,TRUE,FALSE,FALSE
PNMA8A,TRUE,FALSE,FALSE
PNN,TRUE,FALSE,FALSE
PNP,TRUE,FALSE,FALSE
PNPLA2,TRUE,FALSE,FALSE
PNPLA6,TRUE,FALSE,FALSE
PNPLA8,TRUE,FALSE,FALSE
PODN,TRUE,FALSE,FALSE
POGLUT1,TRUE,FALSE,FALSE
POLA1,TRUE,FALSE,FALSE
POLB,TRUE,FALSE,FALSE
POLDIP2,TRUE,FALSE,FALSE
POLQ,TRUE,FALSE,FALSE
POLR1C,TRUE,FALSE,FALSE
POLR2B,TRUE,FALSE,FALSE
POLR2J2,TRUE,FALSE,FALSE
POLR2M,TRUE,FALSE,FALSE
POLR3B,TRUE,FALSE,FALSE
POLR3D,TRUE,FALSE,FALSE
POLR3GL,TRUE,FALSE,FALSE
POMP,TRUE,FALSE,FALSE
POP4,TRUE,FALSE,FALSE
POTEB,TRUE,FALSE,FALSE
POU2F2,TRUE,TRUE,TRUE
POU4F2,TRUE,FALSE,FALSE
POU5F1B,TRUE,FALSE,FALSE
PPA2,TRUE,FALSE,FALSE
PPARG,TRUE,FALSE,FALSE
PPARGC1B,TRUE,FALSE,FALSE
PPCDC,TRUE,FALSE,FALSE
PPFIA3,TRUE,FALSE,FALSE
PPFIBP2,TRUE,FALSE,FALSE
PPIA,TRUE,FALSE,FALSE
PPIL1,TRUE,FALSE,FALSE
PPIL2,TRUE,FALSE,FALSE
PPL,TRUE,FALSE,FALSE
PPM1A,TRUE,FALSE,FALSE
PPM1B,TRUE,FALSE,FALSE
PPM1M,TRUE,FALSE,FALSE
PPP1CB,TRUE,FALSE,FALSE
PPP1R13B,TRUE,FALSE,FALSE
PPP1R13L,TRUE,FALSE,FALSE
PPP1R14D,TRUE,FALSE,FALSE
PPP1R1B,TRUE,FALSE,FALSE
PPP2CA,TRUE,FALSE,FALSE
PPP2R3C,TRUE,FALSE,FALSE
PPP2R5A,TRUE,FALSE,FALSE
PPP2R5B,TRUE,FALSE,FALSE
PPP2R5E,TRUE,FALSE,FALSE
PPP3CB,TRUE,FALSE,FALSE
PPP3CC,TRUE,FALSE,FALSE
PPP3R1,TRUE,FALSE,FALSE
PPP4R2,TRUE,FALSE,FALSE
PPP4R3B,TRUE,FALSE,FALSE
PPP4R4,TRUE,FALSE,FALSE
PPP5C,TRUE,FALSE,FALSE
PPP6C,TRUE,FALSE,FALSE
PPRC1,TRUE,FALSE,FALSE
PRAG1,TRUE,FALSE,FALSE
PRDM11,TRUE,FALSE,FALSE
PRDX3,TRUE,FALSE,FALSE
PRDX5,TRUE,FALSE,FALSE
PREB,TRUE,FALSE,FALSE
PRKAA1,TRUE,FALSE,FALSE
PRKAB1,TRUE,FALSE,FALSE
PRKAG1,TRUE,FALSE,FALSE
PRKAG2,TRUE,FALSE,FALSE
PRKAR1A,TRUE,FALSE,FALSE
PRKAR2A,TRUE,FALSE,FALSE
PRKAR2B,TRUE,FALSE,FALSE
PRKCQ,TRUE,FALSE,FALSE
PRKCZ,TRUE,FALSE,FALSE
PRKN,TRUE,FALSE,FALSE
PRKY,TRUE,FALSE,FALSE
PRND,TRUE,FALSE,FALSE
PRORP,TRUE,FALSE,FALSE
PROS1,TRUE,FALSE,FALSE
PROSER1,TRUE,FALSE,FALSE
PROSER3,TRUE,FALSE,FALSE
PRPF19,TRUE,FALSE,FALSE
PRPF38A,TRUE,FALSE,FALSE
PRPF8,TRUE,FALSE,FALSE
PRPH2,TRUE,FALSE,FALSE
PRR11,TRUE,FALSE,FALSE
PRR29,TRUE,FALSE,FALSE
PRR5L,TRUE,FALSE,FALSE
PRRG1,TRUE,FALSE,FALSE
PRRT1,TRUE,FALSE,FALSE
PRSS2,TRUE,FALSE,FALSE
PRSS3,TRUE,FALSE,FALSE
PRSS58,TRUE,FALSE,FALSE
PRTN3,TRUE,TRUE,TRUE
PSMA1,TRUE,FALSE,FALSE
PSMA2,TRUE,FALSE,FALSE
PSMA4,TRUE,FALSE,FALSE
PSMA6,TRUE,FALSE,FALSE
PSMA7,TRUE,FALSE,FALSE
PSMB4,TRUE,FALSE,FALSE
PSMB6,TRUE,FALSE,FALSE
PSMC1,TRUE,FALSE,FALSE
PSMC6,TRUE,FALSE,FALSE
PSMD11,TRUE,FALSE,FALSE
PSMD12,TRUE,FALSE,FALSE
PSMD13,TRUE,FALSE,FALSE
PSMD5,TRUE,FALSE,FALSE
PSMD7,TRUE,FALSE,FALSE
PSPN,TRUE,FALSE,FALSE
PSTPIP2,TRUE,FALSE,FALSE
PTBP2,TRUE,FALSE,FALSE
PTCH1,TRUE,FALSE,FALSE
PTGDR2,TRUE,FALSE,FALSE
PTGER1,TRUE,FALSE,FALSE
PTP4A1,TRUE,FALSE,FALSE
PTP4A2,TRUE,FALSE,FALSE
PTPN1,TRUE,FALSE,FALSE
PTPN12,TRUE,FALSE,FALSE
PTPN13,TRUE,FALSE,FALSE
PTPN22,TRUE,FALSE,FALSE
PTPN5,TRUE,FALSE,FALSE
PTPRA,TRUE,FALSE,FALSE
PTPRB,TRUE,FALSE,FALSE
PTPRO,TRUE,FALSE,FALSE
PTRH1,TRUE,FALSE,FALSE
PTTG1,TRUE,FALSE,FALSE
PTX3,TRUE,FALSE,FALSE
PUS1,TRUE,FALSE,FALSE
PUSL1,TRUE,FALSE,FALSE
PVALB,TRUE,FALSE,FALSE
PVR,TRUE,FALSE,FALSE
PXK,TRUE,FALSE,FALSE
PXMP4,TRUE,FALSE,FALSE
PYCR3,TRUE,FALSE,FALSE
PYGM,TRUE,FALSE,FALSE
PZP,TRUE,FALSE,FALSE
QDPR,TRUE,FALSE,FALSE
QRFP,TRUE,FALSE,FALSE
QSOX1,TRUE,FALSE,FALSE
QTRT1,TRUE,FALSE,FALSE
R3HCC1L,TRUE,FALSE,FALSE
RAB10,TRUE,FALSE,FALSE
RAB11A,TRUE,FALSE,FALSE
RAB11B,TRUE,FALSE,FALSE
RAB11FIP2,TRUE,FALSE,FALSE
RAB11FIP3,TRUE,FALSE,FALSE
RAB13,TRUE,FALSE,FALSE
RAB18,TRUE,FALSE,FALSE
RAB1A,TRUE,FALSE,FALSE
RAB1B,TRUE,FALSE,FALSE
RAB20,TRUE,FALSE,FALSE
RAB27A,TRUE,FALSE,FALSE
RAB2A,TRUE,FALSE,FALSE
RAB2B,TRUE,FALSE,FALSE
RAB31,TRUE,FALSE,FALSE
RAB32,TRUE,FALSE,FALSE
RAB33A,TRUE,FALSE,FALSE
RAB3IP,TRUE,FALSE,FALSE
RAB42,TRUE,FALSE,FALSE
RAB44,TRUE,FALSE,FALSE
RAB4A,TRUE,FALSE,FALSE
RAB5A,TRUE,FALSE,FALSE
RAB5B,TRUE,FALSE,FALSE
RAB5IF,TRUE,FALSE,FALSE
RAB6A,TRUE,FALSE,FALSE
RAB8B,TRUE,FALSE,FALSE
RABAC1,TRUE,FALSE,FALSE
RABGEF1,TRUE,FALSE,FALSE
RABL2A,TRUE,FALSE,FALSE
RAC2,TRUE,FALSE,FALSE
RAD21,TRUE,FALSE,FALSE
RAD51C,TRUE,FALSE,FALSE
RAG1,TRUE,FALSE,FALSE
RALGAPA2,TRUE,FALSE,FALSE
RAMP2,TRUE,FALSE,FALSE
RAMP3,TRUE,FALSE,FALSE
RANBP2,TRUE,FALSE,FALSE
RANBP6,TRUE,FALSE,FALSE
RANBP9,TRUE,FALSE,FALSE
RAP1A,TRUE,FALSE,FALSE
RAP1B,TRUE,FALSE,FALSE
RAP2A,TRUE,FALSE,FALSE
RAP2B,TRUE,FALSE,FALSE
RAP2C,TRUE,FALSE,FALSE
RAPGEF2,TRUE,FALSE,FALSE
RAPGEF6,TRUE,FALSE,FALSE
RARG,TRUE,FALSE,FALSE
RARS1,TRUE,FALSE,FALSE
RASA2,TRUE,FALSE,FALSE
RASA3,TRUE,FALSE,FALSE
RASA4,TRUE,FALSE,FALSE
RASA4B,TRUE,FALSE,FALSE
RASEF,TRUE,FALSE,FALSE
RASGRF2,TRUE,FALSE,FALSE
RASSF4,TRUE,FALSE,FALSE
RASSF6,TRUE,FALSE,FALSE
RB1CC1,TRUE,FALSE,FALSE
RBFA,TRUE,FALSE,FALSE
RBL1,TRUE,FALSE,FALSE
RBM11,FALSE,FALSE,TRUE
RBM19,TRUE,FALSE,FALSE
RBM27,TRUE,FALSE,FALSE
RBM44,TRUE,FALSE,FALSE
RBM4B,TRUE,FALSE,FALSE
RBM7,TRUE,FALSE,FALSE
RBMS1,TRUE,FALSE,FALSE
RBMXL1,TRUE,FALSE,FALSE
RBPJ,TRUE,FALSE,FALSE
RCAN1,TRUE,FALSE,FALSE
RCAN3,TRUE,FALSE,FALSE
RCC1L,TRUE,FALSE,FALSE
RCHY1,TRUE,FALSE,FALSE
RCL1,TRUE,FALSE,FALSE
RCN3,TRUE,FALSE,FALSE
RCOR2,TRUE,FALSE,FALSE
RD3L,TRUE,FALSE,FALSE
RDH16,TRUE,FALSE,FALSE
RDH8,TRUE,FALSE,FALSE
REC8,TRUE,FALSE,FALSE
RECK,TRUE,FALSE,FALSE
REEP1,TRUE,FALSE,FALSE
REEP2,TRUE,FALSE,FALSE
REEP6,TRUE,FALSE,FALSE
RELL2,TRUE,FALSE,FALSE
REM2,TRUE,FALSE,FALSE
RERE,TRUE,FALSE,FALSE
RETN,TRUE,FALSE,FALSE
RETREG2,TRUE,FALSE,FALSE
REX1BD,TRUE,FALSE,FALSE
RFESD,TRUE,FALSE,FALSE
RFLNA,TRUE,FALSE,FALSE
RFLNB,TRUE,FALSE,FALSE
RFNG,TRUE,FALSE,FALSE
RFTN1,TRUE,FALSE,FALSE
RGCC,TRUE,FALSE,FALSE
RGL1,TRUE,FALSE,FALSE
RGL4,TRUE,FALSE,FALSE
RGMB,TRUE,FALSE,FALSE
RGPD6,TRUE,FALSE,FALSE
RGS13,TRUE,FALSE,FALSE
RGS18,TRUE,FALSE,FALSE
RGS4,TRUE,FALSE,FALSE
RGS7,TRUE,FALSE,FALSE
RHBDD1,TRUE,FALSE,FALSE
RHBDD2,TRUE,FALSE,FALSE
RHBDL1,TRUE,FALSE,FALSE
RHEB,TRUE,FALSE,FALSE
RHEX,TRUE,FALSE,FALSE
RHOA,TRUE,FALSE,FALSE
RHOB,TRUE,FALSE,FALSE
RHOBTB3,TRUE,FALSE,FALSE
RHOG,TRUE,FALSE,FALSE
RHOU,TRUE,FALSE,FALSE
RHPN1,TRUE,FALSE,FALSE
RIC8B,TRUE,FALSE,FALSE
RILPL1,TRUE,FALSE,FALSE
RIMBP3,TRUE,FALSE,FALSE
RIMS3,TRUE,FALSE,FALSE
RIN2,TRUE,FALSE,FALSE
RIOK3,TRUE,FALSE,FALSE
RIOX1,TRUE,FALSE,FALSE
RIPK4,TRUE,FALSE,FALSE
RIPOR1,TRUE,FALSE,FALSE
RLF,TRUE,FALSE,FALSE
RLIM,TRUE,FALSE,FALSE
RMDN2,FALSE,FALSE,TRUE
RMI1,TRUE,FALSE,FALSE
RMI2,TRUE,FALSE,FALSE
RNASE2,TRUE,FALSE,FALSE
RNASE3,TRUE,FALSE,FALSE
RNASE8,TRUE,FALSE,FALSE
RNASEK,TRUE,FALSE,FALSE
RND1,TRUE,FALSE,FALSE
RNF10,TRUE,FALSE,FALSE
RNF13,TRUE,FALSE,FALSE
RNF139,TRUE,FALSE,FALSE
RNF14,TRUE,FALSE,FALSE
RNF141,TRUE,FALSE,FALSE
RNF145,TRUE,FALSE,FALSE
RNF151,TRUE,FALSE,FALSE
RNF157,TRUE,FALSE,FALSE
RNF180,TRUE,FALSE,FALSE
RNF186,TRUE,FALSE,FALSE
RNF2,TRUE,FALSE,FALSE
RNF217,TRUE,FALSE,FALSE
RNF222,TRUE,FALSE,FALSE
RNF38,TRUE,FALSE,FALSE
RNF43,TRUE,FALSE,FALSE
RNGTT,TRUE,FALSE,FALSE
RNH1,FALSE,FALSE,TRUE
RO60,TRUE,FALSE,FALSE
ROCK1,TRUE,FALSE,FALSE
ROGDI,TRUE,FALSE,FALSE
ROMO1,TRUE,FALSE,FALSE
RORA,TRUE,FALSE,FALSE
RP2,TRUE,FALSE,FALSE
RPAIN,TRUE,FALSE,FALSE
RPH3AL,TRUE,FALSE,FALSE
RPL27,TRUE,FALSE,FALSE
RPL30,TRUE,FALSE,FALSE
RPL31,TRUE,FALSE,FALSE
RPL36AL,TRUE,FALSE,FALSE
RPL39,TRUE,FALSE,FALSE
RPL41,TRUE,FALSE,FALSE
RPL7,TRUE,FALSE,FALSE
RPL9,TRUE,FALSE,FALSE
RPLP1,TRUE,FALSE,FALSE
RPP40,TRUE,FALSE,FALSE
RPS10,TRUE,FALSE,FALSE
RPS11,TRUE,FALSE,FALSE
RPS12,TRUE,FALSE,FALSE
RPS14,TRUE,FALSE,FALSE
RPS15A,TRUE,FALSE,FALSE
RPS19BP1,TRUE,FALSE,FALSE
RPS3A,TRUE,FALSE,FALSE
RPS6KA3,TRUE,FALSE,FALSE
RPS6KA5,TRUE,FALSE,FALSE
RPS9,TRUE,FALSE,FALSE
RPTOR,TRUE,FALSE,FALSE
RPUSD2,TRUE,FALSE,FALSE
RPUSD4,TRUE,FALSE,FALSE
RRAGA,TRUE,FALSE,FALSE
RRAGC,TRUE,FALSE,FALSE
RRAGD,TRUE,FALSE,FALSE
RRM2,TRUE,FALSE,FALSE
RRP1,TRUE,FALSE,FALSE
RRP15,TRUE,FALSE,FALSE
RRP9,TRUE,FALSE,FALSE
RSAD1,TRUE,FALSE,FALSE
RSAD2,TRUE,FALSE,FALSE
RSBN1,TRUE,FALSE,FALSE
RSKR,TRUE,FALSE,FALSE
RSRC2,TRUE,FALSE,FALSE
RSU1,TRUE,FALSE,FALSE
RTCA,TRUE,FALSE,FALSE
RTL6,TRUE,FALSE,FALSE
RTL8C,TRUE,FALSE,FALSE
RTN3,TRUE,FALSE,FALSE
RTN4,TRUE,FALSE,FALSE
RTP4,TRUE,FALSE,FALSE
RUFY4,TRUE,FALSE,FALSE
RUNDC1,TRUE,FALSE,FALSE
RWDD1,TRUE,FALSE,FALSE
RYBP,TRUE,FALSE,FALSE
S100A12,TRUE,FALSE,FALSE
S100A6,TRUE,FALSE,FALSE
S100A7,TRUE,FALSE,FALSE
S100A8,TRUE,FALSE,FALSE
S100A9,TRUE,FALSE,FALSE
S100P,TRUE,FALSE,FALSE
S1PR2,TRUE,FALSE,FALSE
S1PR5,TRUE,FALSE,FALSE
SALL3,TRUE,FALSE,FALSE
SAMD8,TRUE,FALSE,FALSE
SAMHD1,TRUE,FALSE,FALSE
SAMSN1,TRUE,FALSE,FALSE
SAR1B,TRUE,FALSE,FALSE
SARDH,TRUE,FALSE,FALSE
SARM1,TRUE,FALSE,FALSE
SASH1,TRUE,FALSE,FALSE
SAXO1,TRUE,FALSE,FALSE
SBK1,TRUE,FALSE,FALSE
SBNO1,TRUE,FALSE,FALSE
SCAP,TRUE,FALSE,FALSE
SCARF1,TRUE,FALSE,FALSE
SCARF2,TRUE,FALSE,FALSE
SCART1,TRUE,FALSE,FALSE
SCCPDH,TRUE,FALSE,FALSE
SCFD1,TRUE,FALSE,FALSE
SCIMP,TRUE,FALSE,FALSE
SCML4,TRUE,FALSE,FALSE
SCN3B,TRUE,FALSE,FALSE
SCNN1A,TRUE,FALSE,FALSE
SCP2,TRUE,FALSE,FALSE
SCPEP1,TRUE,FALSE,FALSE
SCRN2,TRUE,FALSE,FALSE
SCRT2,TRUE,FALSE,FALSE
SCUBE1,TRUE,FALSE,FALSE
SCYL2,TRUE,FALSE,FALSE
SDCBP,TRUE,FALSE,FALSE
SDCBP2,TRUE,FALSE,FALSE
SDF2,TRUE,FALSE,FALSE
SDHAF3,TRUE,FALSE,FALSE
SDHC,TRUE,FALSE,FALSE
SDR42E1,TRUE,FALSE,FALSE
SDS,TRUE,FALSE,FALSE
SEC16B,TRUE,FALSE,FALSE
SEC23A,TRUE,FALSE,FALSE
SEC23B,TRUE,FALSE,FALSE
SEC24A,TRUE,FALSE,FALSE
SEC24B,TRUE,FALSE,FALSE
SEC61G,TRUE,FALSE,FALSE
SEC62,TRUE,FALSE,FALSE
SECTM1,TRUE,FALSE,FALSE
SELENOF,TRUE,FALSE,FALSE
SELENOK,TRUE,FALSE,FALSE
SELENOM,TRUE,FALSE,FALSE
SELENOT,TRUE,FALSE,FALSE
SELENOW,TRUE,FALSE,FALSE
SEMA3A,TRUE,FALSE,FALSE
SEMA3B,TRUE,FALSE,FALSE
SEMA4C,TRUE,FALSE,FALSE
SEMA4D,TRUE,FALSE,FALSE
SEMA4F,TRUE,FALSE,FALSE
SEPHS2,TRUE,FALSE,FALSE
SEPTIN2,TRUE,FALSE,FALSE
SEPTIN7,TRUE,FALSE,FALSE
SEPTIN8,TRUE,FALSE,FALSE
SERF2,TRUE,FALSE,FALSE
SERINC1,TRUE,FALSE,FALSE
SERINC2,TRUE,FALSE,FALSE
SERINC4,TRUE,FALSE,FALSE
SERINC5,TRUE,FALSE,FALSE
SERP1,TRUE,FALSE,FALSE
SERPINA12,TRUE,FALSE,FALSE
SERPINA5,TRUE,FALSE,FALSE
SERPINB1,TRUE,FALSE,FALSE
SERPINB10,TRUE,FALSE,FALSE
SERPINB2,TRUE,FALSE,FALSE
SERPIND1,TRUE,FALSE,FALSE
SERPINE2,TRUE,FALSE,FALSE
SERPINF1,TRUE,FALSE,FALSE
SERPING1,TRUE,FALSE,FALSE
SERTAD2,TRUE,FALSE,FALSE
SERTAD3,TRUE,FALSE,FALSE
SESN2,TRUE,TRUE,TRUE
SETBP1,TRUE,FALSE,FALSE
SETD3,TRUE,FALSE,FALSE
SF3B6,TRUE,FALSE,FALSE
SFI1,TRUE,FALSE,FALSE
SFN,TRUE,FALSE,FALSE
SFRP5,TRUE,FALSE,FALSE
SFT2D1,TRUE,FALSE,FALSE
SFT2D2,TRUE,FALSE,FALSE
SFTPB,TRUE,FALSE,FALSE
SFXN1,TRUE,FALSE,FALSE
SFXN2,TRUE,FALSE,FALSE
SFXN3,TRUE,FALSE,FALSE
SGCB,TRUE,FALSE,FALSE
SGF29,TRUE,FALSE,FALSE
SGMS2,TRUE,FALSE,FALSE
SGO1,TRUE,FALSE,FALSE
SGSH,TRUE,FALSE,FALSE
SGSM1,TRUE,FALSE,FALSE
SGTB,TRUE,FALSE,FALSE
SH2D1A,TRUE,FALSE,FALSE
SH2D3A,TRUE,FALSE,FALSE
SH2D3C,TRUE,FALSE,FALSE
SH2D6,TRUE,FALSE,FALSE
SH3BGRL,TRUE,FALSE,FALSE
SH3BGRL3,TRUE,FALSE,FALSE
SH3BP5,TRUE,FALSE,FALSE
SH3PXD2A,TRUE,FALSE,FALSE
SH3TC1,TRUE,FALSE,FALSE
SHC3,TRUE,FALSE,FALSE
SHCBP1,TRUE,FALSE,FALSE
SHOC2,TRUE,FALSE,FALSE
SHQ1,TRUE,FALSE,FALSE
SIAH2,TRUE,FALSE,FALSE
SIDT2,TRUE,FALSE,FALSE
SIGIRR,TRUE,FALSE,FALSE
SIGLEC1,TRUE,FALSE,FALSE
SIL1,TRUE,FALSE,FALSE
SIN3B,TRUE,FALSE,FALSE
SIPA1L2,TRUE,FALSE,FALSE
SIRT4,TRUE,FALSE,FALSE
SIRT5,TRUE,FALSE,FALSE
SKAP1,TRUE,FALSE,FALSE
SKIDA1,TRUE,FALSE,FALSE
SKP1,TRUE,FALSE,FALSE
SLA,TRUE,FALSE,FALSE
SLAIN2,TRUE,FALSE,FALSE
SLAMF1,TRUE,FALSE,FALSE
SLC10A5,TRUE,FALSE,FALSE
SLC12A7,TRUE,FALSE,FALSE
SLC13A4,TRUE,FALSE,FALSE
SLC16A11,TRUE,FALSE,FALSE
SLC16A12,TRUE,FALSE,FALSE
SLC16A8,TRUE,FALSE,FALSE
SLC17A5,TRUE,FALSE,FALSE
SLC17A6,TRUE,FALSE,FALSE
SLC18A3,TRUE,FALSE,FALSE
SLC1A1,TRUE,FALSE,FALSE
SLC1A3,TRUE,FALSE,FALSE
SLC22A14,TRUE,FALSE,FALSE
SLC22A5,TRUE,FALSE,FALSE
SLC22A9,TRUE,FALSE,FALSE
SLC25A15,TRUE,FALSE,FALSE
SLC25A17,TRUE,FALSE,FALSE
SLC25A19,TRUE,FALSE,FALSE
SLC25A24,TRUE,FALSE,FALSE
SLC25A26,TRUE,FALSE,FALSE
SLC25A27,TRUE,FALSE,FALSE
SLC25A28,TRUE,FALSE,FALSE
SLC25A4,TRUE,FALSE,FALSE
SLC25A40,TRUE,FALSE,FALSE
SLC25A45,TRUE,FALSE,FALSE
SLC25A51,TRUE,FALSE,FALSE
SLC26A6,TRUE,FALSE,FALSE
SLC27A5,TRUE,FALSE,FALSE
SLC28A3,TRUE,FALSE,FALSE
SLC29A3,TRUE,FALSE,FALSE
SLC2A1,TRUE,FALSE,FALSE
SLC2A3,TRUE,FALSE,FALSE
SLC2A6,TRUE,FALSE,FALSE
SLC2A8,TRUE,FALSE,FALSE
SLC30A6,TRUE,FALSE,FALSE
SLC30A9,TRUE,FALSE,FALSE
SLC35F3,TRUE,FALSE,FALSE
SLC36A1,TRUE,FALSE,FALSE
SLC36A4,TRUE,FALSE,FALSE
SLC37A1,TRUE,FALSE,FALSE
SLC37A2,TRUE,FALSE,FALSE
SLC39A8,TRUE,FALSE,FALSE
SLC39A9,TRUE,FALSE,FALSE
SLC3A1,TRUE,FALSE,FALSE
SLC40A1,TRUE,FALSE,FALSE
SLC41A1,TRUE,FALSE,FALSE
SLC44A1,TRUE,FALSE,FALSE
SLC46A2,TRUE,FALSE,FALSE
SLC49A4,TRUE,FALSE,FALSE
SLC4A3,TRUE,FALSE,FALSE
SLC4A5,TRUE,FALSE,FALSE
SLC4A8,TRUE,FALSE,FALSE
SLC51A,FALSE,FALSE,TRUE
SLC52A1,TRUE,FALSE,FALSE
SLC5A1,TRUE,FALSE,FALSE
SLC5A4,TRUE,FALSE,FALSE
SLC5A5,TRUE,FALSE,FALSE
SLC66A1,TRUE,FALSE,FALSE
SLC66A1L,TRUE,FALSE,FALSE
SLC66A2,TRUE,FALSE,FALSE
SLC66A3,TRUE,FALSE,FALSE
SLC6A1,TRUE,FALSE,FALSE
SLC6A12,TRUE,FALSE,FALSE
SLC7A5,TRUE,FALSE,FALSE
SLC7A7,TRUE,FALSE,FALSE
SLC9A6,TRUE,FALSE,FALSE
SLC9A7,TRUE,FALSE,FALSE
SLCO4A1,TRUE,FALSE,FALSE
SLCO4C1,TRUE,FALSE,FALSE
SLFN5,TRUE,FALSE,FALSE
SLFNL1,TRUE,FALSE,FALSE
SLITRK4,TRUE,FALSE,FALSE
SLK,TRUE,FALSE,FALSE
SLURP1,TRUE,FALSE,FALSE
SMAD2,TRUE,FALSE,FALSE
SMAD3,TRUE,FALSE,FALSE
SMC2,TRUE,FALSE,FALSE
SMC4,TRUE,FALSE,FALSE
SMCP,TRUE,FALSE,FALSE
SMIM11B,TRUE,FALSE,FALSE
SMIM15,TRUE,FALSE,FALSE
SMIM26,TRUE,FALSE,FALSE
SMIM32,TRUE,FALSE,FALSE
SMIM34A,TRUE,FALSE,FALSE
SMIM41,TRUE,FALSE,FALSE
SMPD3,TRUE,FALSE,FALSE
SMPDL3A,TRUE,FALSE,FALSE
SMTNL1,TRUE,FALSE,FALSE
SMU1,TRUE,FALSE,FALSE
SMYD2,TRUE,FALSE,FALSE
SMYD4,TRUE,FALSE,FALSE
SNAP23,TRUE,FALSE,FALSE
SND1,TRUE,FALSE,FALSE
SNED1,TRUE,FALSE,FALSE
SNRNP27,TRUE,FALSE,FALSE
SNRPB2,TRUE,FALSE,FALSE
SNTB1,TRUE,FALSE,FALSE
SNTB2,TRUE,FALSE,FALSE
SNX14,TRUE,FALSE,FALSE
SNX15,TRUE,FALSE,FALSE
SNX29,TRUE,FALSE,FALSE
SNX3,TRUE,FALSE,FALSE
SNX33,TRUE,FALSE,FALSE
SOCS7,TRUE,FALSE,FALSE
SOD1,TRUE,FALSE,FALSE
SOGA1,TRUE,FALSE,FALSE
SOGA3,TRUE,FALSE,FALSE
SOHLH2,TRUE,FALSE,FALSE
SORBS2,TRUE,FALSE,FALSE
SORBS3,TRUE,FALSE,FALSE
SORT1,TRUE,FALSE,FALSE
SOS2,TRUE,FALSE,FALSE
SOWAHD,FALSE,FALSE,TRUE
SOX10,TRUE,FALSE,FALSE
SOX4,TRUE,FALSE,FALSE
SOX6,TRUE,FALSE,FALSE
SPA17,TRUE,FALSE,FALSE
SPAG5,TRUE,FALSE,FALSE
SPAG8,TRUE,FALSE,FALSE
SPATA2L,TRUE,FALSE,FALSE
SPATA32,TRUE,FALSE,FALSE
SPATA45,TRUE,FALSE,FALSE
SPATC1L,TRUE,FALSE,FALSE
SPC25,TRUE,FALSE,FALSE
SPDYE17,TRUE,FALSE,FALSE
SPDYE3,TRUE,FALSE,FALSE
SPDYE9P,TRUE,FALSE,FALSE
SPECC1L,TRUE,FALSE,FALSE
SPHK1,TRUE,FALSE,FALSE
SPIN4,TRUE,FALSE,FALSE
SPINK1,TRUE,FALSE,FALSE
SPINT1,TRUE,FALSE,FALSE
SPN,TRUE,FALSE,FALSE
SPNS1,TRUE,FALSE,FALSE
SPOCK2,TRUE,FALSE,FALSE
SPON1,TRUE,FALSE,FALSE
SPON2,TRUE,FALSE,FALSE
SPPL3,TRUE,FALSE,FALSE
SPR,TRUE,FALSE,FALSE
SPRED2,TRUE,FALSE,FALSE
SPRN,TRUE,FALSE,FALSE
SPRR1B,TRUE,FALSE,FALSE
SPRR2A,TRUE,FALSE,FALSE
SPRR4,TRUE,FALSE,FALSE
SPRY3,TRUE,FALSE,FALSE
SPTA1,TRUE,FALSE,FALSE
SPTBN1,TRUE,FALSE,FALSE
SPTBN5,TRUE,FALSE,FALSE
SPTLC2,TRUE,FALSE,FALSE
SPTSSA,TRUE,FALSE,FALSE
SQOR,TRUE,FALSE,FALSE
SRF,TRUE,FALSE,FALSE
SRGN,TRUE,FALSE,FALSE
SRI,TRUE,FALSE,FALSE
SRP14,TRUE,FALSE,FALSE
SRP54,TRUE,FALSE,FALSE
SRPK1,TRUE,FALSE,FALSE
SRSF9,TRUE,FALSE,FALSE
SSBP4,TRUE,FALSE,FALSE
SSC4D,TRUE,FALSE,FALSE
SSR2,TRUE,FALSE,FALSE
SSTR3,TRUE,FALSE,FALSE
SSX1,TRUE,FALSE,FALSE
SSX2IP,TRUE,FALSE,FALSE
ST18,TRUE,FALSE,FALSE
ST3GAL5,TRUE,FALSE,FALSE
ST6GALNAC3,TRUE,FALSE,FALSE
ST7L,TRUE,FALSE,FALSE
STAM,TRUE,FALSE,FALSE
STARD3NL,TRUE,FALSE,FALSE
STAT2,TRUE,FALSE,FALSE
STAU1,TRUE,FALSE,FALSE
STAU2,TRUE,FALSE,FALSE
STBD1,TRUE,FALSE,FALSE
STEAP3,TRUE,FALSE,FALSE
STIL,TRUE,FALSE,FALSE
STIMATE,TRUE,FALSE,FALSE
STK16,TRUE,FALSE,FALSE
STK17A,TRUE,FALSE,FALSE
STK17B,TRUE,FALSE,FALSE
STK26,TRUE,FALSE,FALSE
STK32C,TRUE,FALSE,FALSE
STK33,TRUE,FALSE,FALSE
STMN1,TRUE,FALSE,FALSE
STMND1,TRUE,FALSE,FALSE
STMP1,TRUE,FALSE,FALSE
STOM,TRUE,FALSE,FALSE
STON1,TRUE,FALSE,FALSE
STRAP,TRUE,FALSE,FALSE
STRN,TRUE,FALSE,FALSE
STRN3,TRUE,FALSE,FALSE
STUB1,TRUE,FALSE,FALSE
STX12,TRUE,FALSE,FALSE
STX7,TRUE,FALSE,FALSE
STXBP5,TRUE,FALSE,FALSE
SUB1,TRUE,FALSE,FALSE
SUCLG1,TRUE,FALSE,FALSE
SUCNR1,TRUE,FALSE,FALSE
SUCO,TRUE,FALSE,FALSE
SULT1A2,TRUE,FALSE,FALSE
SULT1C4,TRUE,FALSE,FALSE
SULT2A1,TRUE,FALSE,FALSE
SULT2B1,TRUE,FALSE,FALSE
SUMF2,TRUE,FALSE,FALSE
SUMO1,TRUE,FALSE,FALSE
SUMO2,TRUE,FALSE,FALSE
SUMO3,TRUE,FALSE,FALSE
SUN1,TRUE,FALSE,FALSE
SURF4,TRUE,FALSE,FALSE
SURF6,TRUE,FALSE,FALSE
SUSD3,TRUE,FALSE,FALSE
SUSD4,TRUE,FALSE,FALSE
SUSD5,TRUE,FALSE,FALSE
SUZ12,TRUE,FALSE,FALSE
SV2A,TRUE,FALSE,FALSE
SVIP,TRUE,FALSE,FALSE
SWT1,TRUE,FALSE,FALSE
SYAP1,TRUE,FALSE,FALSE
SYCE1L,TRUE,FALSE,FALSE
SYCP2,TRUE,FALSE,FALSE
SYCP2L,TRUE,FALSE,FALSE
SYF2,TRUE,FALSE,FALSE
SYK,TRUE,FALSE,FALSE
SYNE1,TRUE,FALSE,FALSE
SYNE2,TRUE,FALSE,FALSE
SYNGR2,TRUE,FALSE,FALSE
SYNJ1,TRUE,FALSE,FALSE
SYNJ2BP,TRUE,FALSE,FALSE
SYS1,TRUE,FALSE,FALSE
SYT10,TRUE,FALSE,FALSE
SYT15,TRUE,FALSE,FALSE
SYT2,TRUE,FALSE,FALSE
TAAR1,TRUE,FALSE,FALSE
TAB1,TRUE,FALSE,FALSE
TAB3,TRUE,FALSE,FALSE
TAF10,TRUE,FALSE,FALSE
TAF11L10,TRUE,FALSE,FALSE
TAF11L11,TRUE,FALSE,FALSE
TAF11L12,TRUE,FALSE,FALSE
TAF11L2,TRUE,FALSE,FALSE
TAF11L5,TRUE,FALSE,FALSE
TAF13,TRUE,FALSE,FALSE
TAF1D,TRUE,FALSE,FALSE
TAF6L,TRUE,FALSE,FALSE
TAF7,TRUE,FALSE,FALSE
TAF8,TRUE,FALSE,FALSE
TAF9,TRUE,FALSE,FALSE
TAFA1,TRUE,FALSE,FALSE
TAGLN,TRUE,FALSE,FALSE
TANC2,TRUE,FALSE,FALSE
TANGO6,TRUE,FALSE,FALSE
TAOK1,TRUE,FALSE,FALSE
TAP2,TRUE,FALSE,FALSE
TAPBPL,TRUE,FALSE,FALSE
TAS2R3,TRUE,FALSE,FALSE
TAS2R4,TRUE,FALSE,FALSE
TAS2R60,TRUE,FALSE,FALSE
TAX1BP1,TRUE,FALSE,FALSE
TBC1D15,TRUE,FALSE,FALSE
TBC1D23,TRUE,FALSE,FALSE
TBC1D3B,TRUE,FALSE,FALSE
TBC1D3I,TRUE,FALSE,FALSE
TBC1D7,TRUE,FALSE,FALSE
TBCA,TRUE,FALSE,FALSE
TBCE,TRUE,FALSE,FALSE
TBL1XR1,TRUE,FALSE,FALSE
TBX1,TRUE,FALSE,FALSE
TBX21,TRUE,FALSE,FALSE
TBX4,TRUE,FALSE,FALSE
TC2N,TRUE,FALSE,FALSE
TCAF1,TRUE,FALSE,FALSE
TCAIM,TRUE,FALSE,FALSE
TCEA1,TRUE,FALSE,FALSE
TCEA3,TRUE,FALSE,FALSE
TCEAL4,TRUE,FALSE,FALSE
TCF7,TRUE,FALSE,FALSE
TCN1,TRUE,TRUE,TRUE
TCOF1,TRUE,FALSE,FALSE
TCP1,TRUE,FALSE,FALSE
TCP11L2,TRUE,FALSE,FALSE
TCTEX1D1,TRUE,FALSE,FALSE
TDRD9,TRUE,FALSE,FALSE
TEAD3,TRUE,FALSE,FALSE
TEDDM1,TRUE,FALSE,FALSE
TEKT1,TRUE,FALSE,FALSE
TEKT2,TRUE,FALSE,FALSE
TENT2,TRUE,FALSE,FALSE
TERF2IP,TRUE,FALSE,FALSE
TES,TRUE,FALSE,FALSE
TESPA1,TRUE,FALSE,FALSE
TEX2,TRUE,FALSE,FALSE
TEX264,TRUE,FALSE,FALSE
TEX52,TRUE,FALSE,FALSE
TFAP4,TRUE,FALSE,FALSE
TFDP1,TRUE,FALSE,FALSE
TFDP2,TRUE,FALSE,FALSE
TFG,TRUE,FALSE,FALSE
TFRC,TRUE,FALSE,FALSE
TGFB2,TRUE,FALSE,FALSE
TGFBI,TRUE,FALSE,FALSE
TGFBR1,TRUE,FALSE,FALSE
TGFBR3,TRUE,FALSE,FALSE
TGIF2,TRUE,FALSE,FALSE
TGIF2-RAB5IF,TRUE,FALSE,FALSE
THAP5,TRUE,FALSE,FALSE
THAP7,TRUE,FALSE,FALSE
THBS1,TRUE,FALSE,FALSE
THBS4,TRUE,FALSE,FALSE
THEM4,TRUE,FALSE,FALSE
THEM6,TRUE,FALSE,FALSE
THG1L,TRUE,FALSE,FALSE
THNSL1,TRUE,FALSE,FALSE
THNSL2,TRUE,FALSE,FALSE
THOC7,TRUE,FALSE,FALSE
THOP1,TRUE,FALSE,FALSE
THRA,TRUE,FALSE,FALSE
THYN1,TRUE,FALSE,FALSE
TIAF1,TRUE,FALSE,FALSE
TIAM1,TRUE,FALSE,FALSE
TIAM2,TRUE,FALSE,FALSE
TIGD3,TRUE,FALSE,FALSE
TIMP1,TRUE,FALSE,FALSE
TIMP4,TRUE,FALSE,FALSE
TIPARP,TRUE,FALSE,FALSE
TK1,TRUE,FALSE,FALSE
TLCD1,TRUE,FALSE,FALSE
TLCD3A,TRUE,FALSE,FALSE
TLCD4,TRUE,FALSE,FALSE
TLCD4-RWDD3,TRUE,FALSE,FALSE
TLDC2,TRUE,FALSE,FALSE
TLE1,TRUE,FALSE,FALSE
TLE2,TRUE,FALSE,FALSE
TLK1,TRUE,FALSE,FALSE
TLR7,TRUE,FALSE,FALSE
TLR9,TRUE,FALSE,FALSE
TM2D1,TRUE,FALSE,FALSE
TM9SF2,TRUE,FALSE,FALSE
TMCC2,TRUE,FALSE,FALSE
TMCO1,TRUE,FALSE,FALSE
TMCO3,TRUE,FALSE,FALSE
TMCO4,TRUE,FALSE,FALSE
TMED2,TRUE,FALSE,FALSE
TMED5,TRUE,FALSE,FALSE
TMED7,TRUE,FALSE,FALSE
TMED8,TRUE,FALSE,FALSE
TMEM106A,TRUE,FALSE,FALSE
TMEM11,TRUE,FALSE,FALSE
TMEM120A,TRUE,FALSE,FALSE
TMEM121,TRUE,FALSE,FALSE
TMEM131,TRUE,FALSE,FALSE
TMEM132D,TRUE,FALSE,FALSE
TMEM134,TRUE,FALSE,FALSE
TMEM150A,TRUE,FALSE,FALSE
TMEM150B,TRUE,FALSE,FALSE
TMEM156,TRUE,FALSE,FALSE
TMEM167A,TRUE,FALSE,FALSE
TMEM167B,TRUE,FALSE,FALSE
TMEM170B,TRUE,FALSE,FALSE
TMEM177,TRUE,FALSE,FALSE
TMEM183A,TRUE,FALSE,FALSE
TMEM190,TRUE,FALSE,FALSE
TMEM191C,TRUE,FALSE,FALSE
TMEM200A,TRUE,FALSE,FALSE
TMEM201,TRUE,FALSE,FALSE
TMEM204,TRUE,FALSE,FALSE
TMEM213,TRUE,FALSE,FALSE
TMEM218,TRUE,FALSE,FALSE
TMEM221,TRUE,FALSE,FALSE
TMEM229B,TRUE,FALSE,FALSE
TMEM232,TRUE,FALSE,FALSE
TMEM237,TRUE,FALSE,FALSE
TMEM238,TRUE,FALSE,FALSE
TMEM25,TRUE,FALSE,FALSE
TMEM255B,TRUE,FALSE,FALSE
TMEM268,TRUE,FALSE,FALSE
TMEM30A,TRUE,FALSE,FALSE
TMEM30B,TRUE,FALSE,FALSE
TMEM41B,TRUE,FALSE,FALSE
TMEM50A,TRUE,FALSE,FALSE
TMEM59,TRUE,FALSE,FALSE
TMEM64,TRUE,FALSE,FALSE
TMEM69,TRUE,FALSE,FALSE
TMEM70,TRUE,FALSE,FALSE
TMEM72,TRUE,FALSE,FALSE
TMEM74B,TRUE,FALSE,FALSE
TMEM86A,TRUE,FALSE,FALSE
TMEM87A,TRUE,FALSE,FALSE
TMEM87B,TRUE,FALSE,FALSE
TMEM9B,TRUE,FALSE,FALSE
TMIE,TRUE,FALSE,FALSE
TMIGD2,TRUE,FALSE,FALSE
TMOD3,TRUE,FALSE,FALSE
TMSB4X,TRUE,FALSE,FALSE
TMTC1,TRUE,FALSE,FALSE
TMTC4,TRUE,FALSE,FALSE
TNC,TRUE,FALSE,FALSE
TNFAIP2,TRUE,FALSE,FALSE
TNFAIP3,FALSE,FALSE,TRUE
TNFAIP8,TRUE,FALSE,FALSE
TNFAIP8L3,TRUE,FALSE,FALSE
TNFRSF11B,TRUE,FALSE,FALSE
TNFRSF25,TRUE,FALSE,FALSE
TNFRSF9,TRUE,FALSE,FALSE
TNFSF11,TRUE,FALSE,FALSE
TNFSF12,FALSE,FALSE,TRUE
TNFSF14,TRUE,FALSE,FALSE
TNFSF15,TRUE,FALSE,FALSE
TNFSF8,TRUE,FALSE,FALSE
TNNT2,TRUE,FALSE,FALSE
TNNT3,TRUE,FALSE,FALSE
TNPO1,TRUE,FALSE,FALSE
TNPO3,TRUE,FALSE,FALSE
TOB1,TRUE,FALSE,FALSE
TOE1,TRUE,FALSE,FALSE
TOGARAM2,TRUE,FALSE,FALSE
TOLLIP,TRUE,FALSE,FALSE
TONSL,TRUE,FALSE,FALSE
TOP1,TRUE,FALSE,FALSE
TOP2A,TRUE,FALSE,FALSE
TOR1AIP1,TRUE,FALSE,FALSE
TOR1AIP2,TRUE,FALSE,FALSE
TOR4A,TRUE,FALSE,FALSE
TP53,TRUE,FALSE,FALSE
TP53BP1,TRUE,FALSE,FALSE
TP53BP2,TRUE,FALSE,FALSE
TP53I13,TRUE,FALSE,FALSE
TP53RK,TRUE,FALSE,FALSE
TP53TG5,TRUE,FALSE,FALSE
TPCN1,TRUE,FALSE,FALSE
TPH1,TRUE,FALSE,FALSE
TPI1,TRUE,FALSE,FALSE
TPM1,TRUE,FALSE,FALSE
TPM3,TRUE,FALSE,FALSE
TPM4,TRUE,FALSE,FALSE
TPPP,TRUE,FALSE,FALSE
TPRG1L,TRUE,FALSE,FALSE
TPRN,TRUE,FALSE,FALSE
TPSG1,TRUE,FALSE,FALSE
TPT1,TRUE,FALSE,FALSE
TPX2,TRUE,FALSE,FALSE
TRABD,TRUE,FALSE,FALSE
TRABD2A,TRUE,FALSE,FALSE
TRAF3IP2,TRUE,FALSE,FALSE
TRAM1,TRUE,FALSE,FALSE
TRANK1,TRUE,FALSE,FALSE
TRAPPC1,TRUE,FALSE,FALSE
TRAPPC13,TRUE,FALSE,FALSE
TRAPPC5,TRUE,FALSE,FALSE
TRAPPC6B,TRUE,FALSE,FALSE
TRAPPC9,TRUE,FALSE,FALSE
TRDN,TRUE,FALSE,FALSE
TREM2,TRUE,FALSE,FALSE
TRERF1,TRUE,FALSE,FALSE
TREX1,TRUE,FALSE,FALSE
TRIB1,TRUE,TRUE,TRUE
TRIB2,TRUE,FALSE,FALSE
TRIM16,TRUE,FALSE,FALSE
TRIM23,TRUE,FALSE,FALSE
TRIM3,TRUE,FALSE,FALSE
TRIM39,TRUE,FALSE,FALSE
TRIM56,TRUE,FALSE,FALSE
TRIM65,TRUE,FALSE,FALSE
TRIM7,TRUE,FALSE,FALSE
TRIM73,TRUE,FALSE,FALSE
TRIM9,TRUE,FALSE,FALSE
TRIP10,TRUE,FALSE,FALSE
TRIP12,TRUE,FALSE,FALSE
TRIQK,TRUE,FALSE,FALSE
TRIT1,TRUE,FALSE,FALSE
TRMT6,TRUE,FALSE,FALSE
TRMT61A,TRUE,FALSE,FALSE
TROAP,TRUE,FALSE,FALSE
TRPM2,TRUE,FALSE,FALSE
TRPM6,TRUE,FALSE,FALSE
TRPS1,TRUE,FALSE,FALSE
TRPV1,TRUE,FALSE,FALSE
TRPV5,TRUE,FALSE,FALSE
TRUB2,TRUE,FALSE,FALSE
TSEN54,TRUE,FALSE,FALSE
TSG101,TRUE,FALSE,FALSE
TSHZ2,TRUE,FALSE,FALSE
TSNARE1,TRUE,FALSE,FALSE
TSNAX,TRUE,FALSE,FALSE
TSPAN18,TRUE,FALSE,FALSE
TSPAN2,TRUE,FALSE,FALSE
TSPAN32,FALSE,FALSE,TRUE
TSPAN4,TRUE,FALSE,FALSE
TSPEAR,TRUE,FALSE,FALSE
TSPO,TRUE,FALSE,FALSE
TSPYL4,TRUE,FALSE,FALSE
TSR1,TRUE,FALSE,FALSE
TSR2,TRUE,FALSE,FALSE
TSSK3,TRUE,FALSE,FALSE
TSSK6,TRUE,FALSE,FALSE
TSTA3,TRUE,FALSE,FALSE
TTC12,TRUE,FALSE,FALSE
TTC16,TRUE,FALSE,FALSE
TTC21A,FALSE,FALSE,TRUE
TTC22,TRUE,FALSE,FALSE
TTC24,TRUE,FALSE,FALSE
TTC33,TRUE,FALSE,FALSE
TTC39B,TRUE,FALSE,FALSE
TTC39C,TRUE,FALSE,FALSE
TTK,TRUE,FALSE,FALSE
TTLL8,TRUE,FALSE,FALSE
TTLL9,TRUE,FALSE,FALSE
TTPAL,TRUE,FALSE,FALSE
TTYH2,TRUE,FALSE,FALSE
TUBA1B,TRUE,FALSE,FALSE
TUBA1C,TRUE,FALSE,FALSE
TUBA4A,TRUE,FALSE,FALSE
TUBB,TRUE,FALSE,FALSE
TUBB4A,TRUE,FALSE,FALSE
TUBB4B,TRUE,FALSE,FALSE
TUNAR,TRUE,FALSE,FALSE
TVP23C,TRUE,FALSE,FALSE
TWF1,TRUE,FALSE,FALSE
TWNK,TRUE,FALSE,FALSE
TWSG1,TRUE,FALSE,FALSE
TXLNB,TRUE,FALSE,FALSE
TXN,TRUE,FALSE,FALSE
TXNDC11,TRUE,FALSE,FALSE
TXNDC8,TRUE,FALSE,FALSE
TXNDC9,TRUE,FALSE,FALSE
TXNL1,TRUE,FALSE,FALSE
TYRO3,TRUE,FALSE,FALSE
TYSND1,TRUE,FALSE,FALSE
TYW5,TRUE,FALSE,FALSE
UBA52,TRUE,FALSE,FALSE
UBA6,TRUE,FALSE,FALSE
UBAP1,TRUE,FALSE,FALSE
UBAP1L,TRUE,FALSE,FALSE
UBAP2,TRUE,FALSE,FALSE
UBASH3A,TRUE,FALSE,FALSE
UBE2B,TRUE,FALSE,FALSE
UBE2D2,TRUE,FALSE,FALSE
UBE2D3,TRUE,FALSE,FALSE
UBE2F,TRUE,FALSE,FALSE
UBE2G1,TRUE,FALSE,FALSE
UBE2H,TRUE,FALSE,FALSE
UBE2K,TRUE,FALSE,FALSE
UBE2L3,TRUE,FALSE,FALSE
UBE2M,TRUE,FALSE,FALSE
UBE2N,TRUE,FALSE,FALSE
UBE2U,TRUE,FALSE,FALSE
UBE2W,TRUE,FALSE,FALSE
UBFD1,TRUE,FALSE,FALSE
UBIAD1,TRUE,FALSE,FALSE
UBL3,TRUE,FALSE,FALSE
UBL5,TRUE,FALSE,FALSE
UBLCP1,TRUE,FALSE,FALSE
UBQLN1,TRUE,FALSE,FALSE
UBQLNL,TRUE,FALSE,FALSE
UBR5,TRUE,FALSE,FALSE
UBTF,TRUE,FALSE,FALSE
UBXN2B,TRUE,FALSE,FALSE
UCP1,TRUE,FALSE,FALSE
UFSP1,TRUE,FALSE,FALSE
UGCG,TRUE,FALSE,FALSE
UGP2,TRUE,FALSE,FALSE
UGT2B10,TRUE,FALSE,FALSE
UGT2B11,TRUE,FALSE,FALSE
UGT2B7,TRUE,FALSE,FALSE
UHMK1,TRUE,FALSE,FALSE
ULK4,TRUE,FALSE,FALSE
UMOD,TRUE,FALSE,FALSE
UNC45B,TRUE,FALSE,FALSE
UNC5CL,TRUE,FALSE,FALSE
UPP1,TRUE,FALSE,FALSE
UPP2,TRUE,FALSE,FALSE
UQCR11,TRUE,FALSE,FALSE
UQCRFS1,TRUE,FALSE,FALSE
UQCRH,TRUE,FALSE,FALSE
URGCP,TRUE,FALSE,FALSE
UROD,TRUE,FALSE,FALSE
USB1,TRUE,FALSE,FALSE
USP1,TRUE,FALSE,FALSE
USP14,TRUE,FALSE,FALSE
USP17L7,TRUE,FALSE,FALSE
USP27X,TRUE,FALSE,FALSE
USP32,TRUE,FALSE,FALSE
USP38,TRUE,FALSE,FALSE
USP44,TRUE,FALSE,FALSE
USP6NL,TRUE,FALSE,FALSE
USP7,TRUE,FALSE,FALSE
USP9X,TRUE,FALSE,FALSE
UTP25,TRUE,FALSE,FALSE
UXT,TRUE,FALSE,FALSE
VAC14,TRUE,FALSE,FALSE
VAMP3,TRUE,FALSE,FALSE
VAMP4,TRUE,FALSE,FALSE
VAMP7,TRUE,FALSE,FALSE
VAPA,TRUE,FALSE,FALSE
VASH1,TRUE,FALSE,FALSE
VBP1,TRUE,FALSE,FALSE
VDAC2,TRUE,FALSE,FALSE
VIM,TRUE,FALSE,FALSE
VIPR1,TRUE,FALSE,FALSE
VIRMA,TRUE,FALSE,FALSE
VMAC,TRUE,FALSE,FALSE
VNN1,TRUE,FALSE,FALSE
VPS13A,TRUE,FALSE,FALSE
VPS25,TRUE,FALSE,FALSE
VPS26A,TRUE,FALSE,FALSE
VPS29,TRUE,FALSE,FALSE
VPS35,TRUE,FALSE,FALSE
VPS37A,TRUE,FALSE,FALSE
VPS54,TRUE,FALSE,FALSE
VPS72,TRUE,FALSE,FALSE
VPS9D1,FALSE,FALSE,TRUE
VRK1,TRUE,FALSE,FALSE
VSIG1,TRUE,FALSE,FALSE
VSIG8,TRUE,FALSE,FALSE
VSTM1,TRUE,FALSE,FALSE
VTA1,TRUE,FALSE,FALSE
VTI1B,TRUE,FALSE,FALSE
VWA5A,TRUE,FALSE,FALSE
VWA8,TRUE,FALSE,FALSE
WAPL,TRUE,FALSE,FALSE
WBP1L,TRUE,FALSE,FALSE
WBP4,TRUE,FALSE,FALSE
WDHD1,TRUE,FALSE,FALSE
WDR17,TRUE,FALSE,FALSE
WDR18,TRUE,FALSE,FALSE
WDR37,TRUE,FALSE,FALSE
WDR4,TRUE,FALSE,FALSE
WDR44,TRUE,FALSE,FALSE
WDR54,TRUE,FALSE,FALSE
WDR83OS,TRUE,FALSE,FALSE
WDR86,TRUE,FALSE,FALSE
WFDC3,TRUE,FALSE,FALSE
WFDC5,TRUE,FALSE,FALSE
WFDC6,TRUE,FALSE,FALSE
WFDC8,TRUE,FALSE,FALSE
WFDC9,TRUE,FALSE,FALSE
WFS1,TRUE,FALSE,FALSE
WHAMM,TRUE,FALSE,FALSE
WIPI1,TRUE,FALSE,FALSE
WNT10B,TRUE,FALSE,FALSE
WNT7B,TRUE,FALSE,FALSE
WSB1,TRUE,FALSE,FALSE
WSB2,TRUE,FALSE,FALSE
XAF1,TRUE,FALSE,FALSE
XAGE2,TRUE,FALSE,FALSE
XBP1,TRUE,FALSE,FALSE
XCL2,TRUE,FALSE,FALSE
XK,TRUE,FALSE,FALSE
XKRX,TRUE,FALSE,FALSE
XPO5,TRUE,FALSE,FALSE
XRCC4,TRUE,FALSE,FALSE
XRCC5,TRUE,FALSE,FALSE
XRN2,TRUE,FALSE,FALSE
XYLT1,TRUE,FALSE,FALSE
XYLT2,TRUE,FALSE,FALSE
YIF1B,TRUE,FALSE,FALSE
YIPF5,TRUE,FALSE,FALSE
YIPF6,TRUE,FALSE,FALSE
YJEFN3,TRUE,FALSE,FALSE
YME1L1,TRUE,FALSE,FALSE
YOD1,TRUE,FALSE,FALSE
YPEL5,TRUE,FALSE,FALSE
YWHAB,TRUE,FALSE,FALSE
YWHAE,TRUE,FALSE,FALSE
YWHAH,TRUE,FALSE,FALSE
YWHAZ,TRUE,FALSE,FALSE
YY1,TRUE,FALSE,FALSE
YY1AP1,TRUE,FALSE,FALSE
ZAP70,TRUE,FALSE,FALSE
ZBTB25,TRUE,FALSE,FALSE
ZBTB42,TRUE,FALSE,FALSE
ZBTB44,TRUE,FALSE,FALSE
ZBTB8A,TRUE,FALSE,FALSE
ZC2HC1A,TRUE,FALSE,FALSE
ZC3H12A,FALSE,FALSE,TRUE
ZC3H12D,TRUE,FALSE,FALSE
ZC3H7A,TRUE,FALSE,FALSE
ZCCHC17,TRUE,FALSE,FALSE
ZCWPW1,TRUE,FALSE,FALSE
ZDHHC12,TRUE,FALSE,FALSE
ZDHHC13,TRUE,FALSE,FALSE
ZDHHC19,TRUE,FALSE,FALSE
ZDHHC2,TRUE,FALSE,FALSE
ZDHHC20,TRUE,FALSE,FALSE
ZDHHC22,TRUE,FALSE,FALSE
ZDHHC23,TRUE,FALSE,FALSE
ZDHHC3,TRUE,FALSE,FALSE
ZDHHC8,TRUE,FALSE,FALSE
ZFAND5,TRUE,FALSE,FALSE
ZFAND6,TRUE,FALSE,FALSE
ZFP91,TRUE,FALSE,FALSE
ZFR,TRUE,FALSE,FALSE
ZFYVE28,TRUE,FALSE,FALSE
ZFYVE9,TRUE,FALSE,FALSE
ZG16B,TRUE,FALSE,FALSE
ZKSCAN1,TRUE,FALSE,FALSE
ZMAT2,TRUE,FALSE,FALSE
ZMIZ1,TRUE,FALSE,FALSE
ZMPSTE24,TRUE,FALSE,FALSE
ZMYM2,TRUE,FALSE,FALSE
ZMYM5,TRUE,FALSE,FALSE
ZMYND10,FALSE,FALSE,TRUE
ZMYND19,TRUE,FALSE,FALSE
ZNF135,TRUE,FALSE,FALSE
ZNF143,TRUE,FALSE,FALSE
ZNF182,TRUE,FALSE,FALSE
ZNF189,TRUE,FALSE,FALSE
ZNF205,TRUE,FALSE,FALSE
ZNF208,TRUE,FALSE,FALSE
ZNF222,TRUE,FALSE,FALSE
ZNF223,TRUE,FALSE,FALSE
ZNF229,TRUE,FALSE,FALSE
ZNF230,TRUE,FALSE,FALSE
ZNF234,TRUE,FALSE,FALSE
ZNF239,TRUE,FALSE,FALSE
ZNF277,TRUE,FALSE,FALSE
ZNF281,TRUE,FALSE,FALSE
ZNF283,TRUE,FALSE,FALSE
ZNF286A,TRUE,FALSE,FALSE
ZNF324B,TRUE,FALSE,FALSE
ZNF385A,TRUE,FALSE,FALSE
ZNF385C,TRUE,FALSE,FALSE
ZNF385D,TRUE,FALSE,FALSE
ZNF394,TRUE,FALSE,FALSE
ZNF407,TRUE,FALSE,FALSE
ZNF410,TRUE,FALSE,FALSE
ZNF415,TRUE,FALSE,FALSE
ZNF446,TRUE,FALSE,FALSE
ZNF451,TRUE,FALSE,FALSE
ZNF470,TRUE,FALSE,FALSE
ZNF473,TRUE,FALSE,FALSE
ZNF483,TRUE,FALSE,FALSE
ZNF485,TRUE,FALSE,FALSE
ZNF496,TRUE,FALSE,FALSE
ZNF512B,TRUE,FALSE,FALSE
ZNF519,TRUE,FALSE,FALSE
ZNF549,TRUE,FALSE,FALSE
ZNF566,TRUE,FALSE,FALSE
ZNF57,TRUE,FALSE,FALSE
ZNF570,TRUE,FALSE,FALSE
ZNF573,TRUE,FALSE,FALSE
ZNF578,TRUE,FALSE,FALSE
ZNF600,TRUE,FALSE,FALSE
ZNF611,TRUE,FALSE,FALSE
ZNF629,TRUE,FALSE,FALSE
ZNF662,TRUE,FALSE,FALSE
ZNF665,TRUE,FALSE,FALSE
ZNF669,FALSE,FALSE,TRUE
ZNF689,TRUE,FALSE,FALSE
ZNF695,TRUE,FALSE,FALSE
ZNF696,TRUE,FALSE,FALSE
ZNF697,TRUE,FALSE,FALSE
ZNF70,TRUE,FALSE,FALSE
ZNF703,TRUE,FALSE,FALSE
ZNF705A,TRUE,FALSE,FALSE
ZNF713,TRUE,FALSE,FALSE
ZNF716,TRUE,FALSE,FALSE
ZNF74,TRUE,FALSE,FALSE
ZNF77,TRUE,FALSE,FALSE
ZNF778,TRUE,FALSE,FALSE
ZNF780A,TRUE,FALSE,FALSE
ZNF783,TRUE,FALSE,FALSE
ZNF799,TRUE,FALSE,FALSE
ZNF8,TRUE,FALSE,FALSE
ZNF80,TRUE,FALSE,FALSE
ZNF827,TRUE,FALSE,FALSE
ZNF831,TRUE,FALSE,FALSE
ZNF835,TRUE,FALSE,FALSE
ZNF837,TRUE,FALSE,FALSE
ZNF852,TRUE,FALSE,FALSE
ZNF853,TRUE,FALSE,FALSE
ZNF891,TRUE,FALSE,FALSE
ZNHIT1,TRUE,FALSE,FALSE
ZNRF1,TRUE,FALSE,FALSE
ZNRF3,TRUE,FALSE,FALSE
ZP1,TRUE,FALSE,FALSE
ZRANB1,TRUE,FALSE,FALSE
ZSCAN20,TRUE,FALSE,FALSE
ZSCAN5C,TRUE,FALSE,FALSE
ZSWIM4,FALSE,FALSE,TRUE
ZSWIM5,TRUE,FALSE,FALSE
ZUP1,TRUE,FALSE,FALSE
ZXDA,TRUE,FALSE,FALSE
ZXDB,TRUE,FALSE,FALSE